Rank,Id,Protein1,Protein2,Type,XLType,Spectrum,AbsPos1,AbsPos2,deltaAA,Annotation,Smallest_dist[euklid],Mr,Mz,z,Error_rel[ppm],Error_abs[ppm],nseen,MatchOdds,wmatchoddssum,wmatchoddsmean,Xcorrx,Xcorrb,TIC,TicA,TicB,WTIC,intsum,lApS,seriesscore,deltaS,ld-Score,fdr
1,TCIFKHHLDLGHNSQAYEALTQIPDSSR-K5-156,sp|Q12769|NU160_HUMAN,-,monolink,monolink,AvA_1211_5_4_1.09161.09161.3_AvA_1211_5_4_1.09138.09138.3,1006,n/a,-,AvA_1211_5_4_1_matched,,3393.637,1132.22,3,-1.2,1.2,5,11.51,4.83,4.83,0.32,0.24,0.49,0.49,0,0.09,1369,0,17.5,0.09,54.34,0
1,SIAADHKDLIHDVSFDFHGR-K7-155,sp|Q96EE3|SEH1_HUMAN,-,monolink,monolink,AvA_1211_5_4_2.08813.08813.3_AvA_1211_5_4_2.08792.08792.3,12,n/a,-,AvA_1211_5_4_2_matched,,2434.202,812.408,3,-1.3,1.3,4,11.5,5.41,5.41,0.3,0.38,0.55,0.55,0,0.14,1164,0,30.8,0.07,54.33,0
1,TCIFKHHLDLGHNSQAYEALTQIPDSSR-K5-155,sp|Q12769|NU160_HUMAN,-,monolink,monolink,AvA_1211_5_4_2.08819.08819.3_AvA_1211_5_4_2.08803.08803.3,1006,n/a,-,AvA_1211_5_4_2_matched,,3392.657,1131.894,3,-0.5,0.5,5,11.5,5.38,5.38,0.33,0.25,0.48,0.48,0,0.09,1313,0,13.1,0,53.63,0
1,LAALASDFSEDMLQEKIEEMAEQER-K16-155,sp|Q8WUM0|NU133_HUMAN,-,monolink,monolink,AvA_1211_5_4_2.11001.11001.3_AvA_1211_5_4_2.10997.10997.3,991,n/a,-,AvA_1211_5_4_2_matched,,3037.43,1013.485,3,0.8,0.8,1,11.51,5.52,5.52,0.22,0.33,0.5,0.5,0,0.1,1171,0,17.4,0,52.62,0
1,RPVHGESDTEQLQDDDIETTKVEMLR-K21-155,sp|Q9BW27|NUP85_HUMAN,-,monolink,monolink,AvA_1211_5_4_2.08856.08856.3_AvA_1211_5_4_2.08885.08885.3,631,n/a,-,AvA_1211_5_4_2_matched,,3195.535,1066.186,3,-0.8,0.8,4,11.12,4.62,4.62,0.29,0.36,0.53,0.53,0,0.1,1109,0,19.2,0,51.6,0
1,RPVHGESDTEQLQDDDIETTKVEMLR-K21-156,sp|Q9BW27|NUP85_HUMAN,-,monolink,monolink,AvA_1211_5_4_2.09506.09506.3_AvA_1211_5_4_2.09466.09466.3,631,n/a,-,AvA_1211_5_4_2_matched,,3196.516,1066.513,3,-0.9,0.9,8,11.51,4.03,4.03,0.32,0.36,0.5,0.5,0,0.1,1041,0,19.5,0.11,51.16,0
1,ALECFCQAASEVGKEEFLDR-K14-156,sp|Q12769|NU160_HUMAN,-,monolink,monolink,AvA_1211_5_4_1.10228.10228.3_AvA_1211_5_4_1.10211.10211.3,939,n/a,-,AvA_1211_5_4_1_matched,,2514.142,839.055,3,0.5,0.5,2,10.78,5.13,5.13,0.2,0.41,0.54,0.54,0,0.13,990,0,25.1,0,50.12,0
1,FSRLPSKADTSQEICSPR-K7-156,sp|P52948|NUP98_HUMAN,-,monolink,monolink,AvA_1211_5_4_2.07372.07372.3_AvA_1211_5_4_2.07353.07353.3,1019,n/a,-,AvA_1211_5_4_2_matched,,2234.099,745.707,3,-0.6,0.6,2,11.51,4.93,4.93,0.26,0.31,0.49,0.49,0,0.14,997,0,23.8,0,49.62,0
1,TAAVWEEIVGESNDKLR-K15-155,sp|Q96EE3|SEH1_HUMAN,-,monolink,monolink,AvA_1211_5_4_2.10323.10323.3_AvA_1211_5_4_2.10307.10307.3,96,n/a,-,AvA_1211_5_4_2_matched,,2071.058,691.361,3,-1.1,1.1,3,11.51,5.17,5.17,0.26,0.27,0.49,0.49,0,0.15,999,0,19,0,48.85,0
1,KGLPLGSAVSSPVLFSPVGR-K1-156,sp|Q8WUM0|NU133_HUMAN,-,monolink,monolink,AvA_1211_5_4_1.10608.10608.3_AvA_1211_5_4_1.10607.10607.3,35,n/a,-,AvA_1211_5_4_1_matched,,2123.199,708.741,3,-0.1,0.1,2,11.51,4.11,4.11,0.25,0.3,0.6,0.6,0,0.15,944,0,16.5,0.12,48.56,0
1,KVSSLFGILSPSSDLTLSSVLWDR-K1-156,sp|Q8WUM0|NU133_HUMAN,-,monolink,monolink,AvA_1211_5_4_1.11701.11701.3_AvA_1211_5_4_1.11683.11683.3,258,n/a,-,AvA_1211_5_4_1_matched,,2762.476,921.833,3,0.5,0.5,2,10.12,3.25,3.25,0.16,0.35,0.43,0.43,0,0.09,1007,0,9.2,0.09,47.13,0
1,TASRKGLPLGSAVSSPVLFSPVGR-K5-156,sp|Q8WUM0|NU133_HUMAN,-,monolink,monolink,AvA_1211_5_4_1.09598.09598.4_AvA_1211_5_4_1.09582.09582.4,35,n/a,-,AvA_1211_5_4_1_matched,,2538.42,635.613,4,1,1,2,11.51,4.47,4.47,0.23,0.33,0.43,0.43,0,0.09,867,0,5.6,0.28,47.03,0
1,SIAADHKDLIHDVSFDFHGR-K7-156,sp|Q96EE3|SEH1_HUMAN,-,monolink,monolink,AvA_1211_5_4_2.09316.09316.3_AvA_1211_5_4_2.09390.09390.3,12,n/a,-,AvA_1211_5_4_2_matched,,2435.184,812.736,3,-1.2,1.2,7,11.27,4.35,4.35,0.24,0.2,0.52,0.52,0,0.13,979,0,14.2,0.08,46.37,0
1,EESLEKEPEYVPWTATSGPGGIR-K6-156,sp|Q8WUM0|NU133_HUMAN,-,monolink,monolink,AvA_1211_5_4_2.10032.10032.3_AvA_1211_5_4_2.10013.10013.3,758,n/a,-,AvA_1211_5_4_2_matched,,2687.295,896.773,3,-0.6,0.6,2,11.5,3.41,3.41,0.3,0.29,0.57,0.57,0,0.12,826,0,12,0,45.99,0
1,LSAAIVLKNHHSR-K8-155,sp|Q8WUM0|NU133_HUMAN,-,monolink,monolink,AvA_1211_5_4_1.06219.06219.4_AvA_1211_5_4_1.06190.06190.4,654,n/a,-,AvA_1211_5_4_1_matched,,1599.918,400.987,4,-3.1,3.1,3,11.51,3.11,3.11,0.21,0.52,0.7,0.7,0,0.27,431,0,43.5,0.52,45.64,0
1,HIQQVDCSGNDLEQLHIKVTSLCSR-K18-156,sp|P52948|NUP98_HUMAN,-,monolink,monolink,AvA_1211_5_4_1.09662.09662.3_AvA_1211_5_4_1.09700.09700.3,1722,n/a,-,AvA_1211_5_4_1_matched,,3092.501,1031.841,3,-0.5,0.5,2,11.5,2.88,2.88,0.24,0.37,0.54,0.54,0,0.11,682,0,13.8,0,44.74,0
1,LSDLVNTAILIALNKR-K15-156,sp|Q8WUM0|NU133_HUMAN,-,monolink,monolink,AvA_1211_5_4_2.11458.11458.3_AvA_1211_5_4_2.11441.11441.3,674,n/a,-,AvA_1211_5_4_2_matched,,1909.124,637.382,3,-0.5,0.5,2,11.43,3.84,3.84,0.24,0.28,0.61,0.61,0,0.19,725,0,40.4,0.15,44.6,0
1,LSAAIVLKNHHSR-K8-156,sp|Q8WUM0|NU133_HUMAN,-,monolink,monolink,AvA_1211_5_4_2.06964.06964.4_AvA_1211_5_4_2.06924.06924.4,654,n/a,-,AvA_1211_5_4_2_matched,,1600.903,401.233,4,-1.4,1.4,4,11.51,3.23,3.23,0.21,0.46,0.73,0.73,0,0.28,436,0,29.9,0,44.51,0
1,FAPKHMGLMLATCSADGIVR-K4-156,sp|Q96EE3|SEH1_HUMAN,-,monolink,monolink,AvA_1211_5_4_1.10043.10043.3_AvA_1211_5_4_1.10020.10020.3,124,n/a,-,AvA_1211_5_4_1_matched,,2330.159,777.727,3,0.2,0.2,2,11.13,4.27,4.27,0.23,0.25,0.36,0.36,0,0.09,825,0,21.9,0,43.87,0
1,KGLPLGSAVSSPVLFSPVGR-K1-155,sp|Q8WUM0|NU133_HUMAN,-,monolink,monolink,AvA_1211_5_4_1.10420.10420.3_AvA_1211_5_4_1.10425.10425.3,35,n/a,-,AvA_1211_5_4_1_matched,,2122.213,708.412,3,-1.9,1.9,1,10.43,3.17,3.17,0.19,0.22,0.49,0.49,0,0.12,915,0,11.5,0.06,43.83,0
1,SESGDWHCTASWKTHSGSVWR-K13-156,sp|Q96EE3|SEH1_HUMAN,-,monolink,monolink,AvA_1211_5_4_2.08373.08373.3_AvA_1211_5_4_2.08340.08340.3,54,n/a,-,AvA_1211_5_4_2_matched,,2616.144,873.056,3,-0.6,0.6,3,11.51,3.61,3.61,0.28,0.21,0.49,0.49,0,0.12,781,0,44,0,43.53,0
1,SIAADHKDLIHDVSFDFHGRR-K7-156,sp|Q96EE3|SEH1_HUMAN,-,monolink,monolink,AvA_1211_5_4_1.08701.08701.3_AvA_1211_5_4_1.08660.08660.3,12,n/a,-,AvA_1211_5_4_1_matched,,2591.288,864.771,3,0.1,0.1,6,11.51,3.15,3.15,0.29,0.23,0.43,0.43,0,0.1,765,0,14.9,0.16,43.35,0
1,QMLSKEADASPASAGICR-K5-156,sp|Q9BW27|NUP85_HUMAN,-,monolink,monolink,AvA_1211_5_4_2.07761.07761.3_AvA_1211_5_4_2.07705.07705.3,218,n/a,-,AvA_1211_5_4_2_matched,,2046.971,683.331,3,-0.4,0.4,2,11.51,2.9,2.9,0.28,0.39,0.57,0.57,0,0.16,506,0,12.8,0.31,42.9,0
1,ACMEEMHQVAIAAKDPANGR-K14-156,sp|Q9BW27|NUP85_HUMAN,-,monolink,monolink,AvA_1211_5_4_1.07940.07940.3_AvA_1211_5_4_1.07899.07899.3,124,n/a,-,AvA_1211_5_4_1_matched,,2354.08,785.701,3,-0.6,0.6,19,11.51,2.82,2.82,0.27,0.29,0.52,0.52,0,0.13,618,0,23.8,0,42.44,0
1,SFHILAIATKDVR-K10-156,sp|Q96EE3|SEH1_HUMAN,-,monolink,monolink,AvA_1211_5_4_1.09959.09959.3_AvA_1211_5_4_1.09943.09943.3,243,n/a,-,AvA_1211_5_4_1_matched,,1625.912,542.978,3,-1.4,1.4,2,10.56,4.04,4.04,0.2,0.41,0.4,0.4,0,0.15,564,0,43.8,0.26,42.1,0
1,GLEKQGNCYLAALNCLR-K4-156,sp|Q12769|NU160_HUMAN,-,monolink,monolink,AvA_1211_5_4_1.10229.10229.3_AvA_1211_5_4_1.10207.10207.3,1120,n/a,-,AvA_1211_5_4_1_matched,,2135.049,712.691,3,-0.5,0.5,2,11.44,2.69,2.69,0.24,0.26,0.54,0.54,0,0.16,538,0,23.5,0.13,40.44,0
1,VHLEKLSLR-K5-156,sp|P52948|NUP98_HUMAN,-,monolink,monolink,AvA_1211_5_4_2.08460.08460.3_AvA_1211_5_4_2.08416.08416.3,1200,n/a,-,AvA_1211_5_4_2_matched,,1249.738,417.587,3,-1.4,1.4,2,11.11,3.44,3.44,0.25,0.42,0.45,0.45,0,0.25,309,0,37,0,40.18,0
1,REESLEKEPEYVPWTATSGPGGIR-K7-156,sp|Q8WUM0|NU133_HUMAN,-,monolink,monolink,AvA_1211_5_4_1.09520.09520.4_AvA_1211_5_4_1.09499.09499.4,758,n/a,-,AvA_1211_5_4_1_matched,,2843.399,711.858,4,0.6,0.6,3,11.48,2.48,2.48,0.15,0.25,0.38,0.38,0,0.08,584,0,5.5,0.18,39.97,0
1,KHIISHLFSQPK-K1-156,sp|Q12769|NU160_HUMAN,-,monolink,monolink,AvA_1211_5_4_1.07525.07525.3_AvA_1211_5_4_1.07484.07484.3,833,n/a,-,AvA_1211_5_4_1_matched,,1589.892,530.972,3,-0.8,0.8,2,10.54,3.85,3.85,0.21,0.28,0.45,0.45,0,0.19,564,0,44.8,0,39.77,0
1,NSPVEAVFSYLTGKR-K14-156,sp|P52948|NUP98_HUMAN,-,monolink,monolink,AvA_1211_5_4_2.11465.11465.3_AvA_1211_5_4_2.11463.11463.3,1341,n/a,-,AvA_1211_5_4_2_matched,,1822.945,608.656,3,-1.1,1.1,2,11.47,2.34,2.34,0.25,0.27,0.47,0.47,0,0.16,454,0,17.1,0.27,39.13,0
1,IFTLKPVRK-K5-156,sp|Q96EE3|SEH1_HUMAN,-,monolink,monolink,AvA_1211_5_4_1.08306.08306.3_AvA_1211_5_4_1.08259.08259.3,251,n/a,-,AvA_1211_5_4_1_matched,,1256.785,419.936,3,-0.7,0.7,2,11.11,1.33,1.33,0.24,0.45,0.61,0.61,0,0.34,143,0,33.3,0,39.01,0
1,MKAHSFLMDFIHQVGLFGR-K2-156,sp|Q8WUM0|NU133_HUMAN,-,monolink,monolink,AvA_1211_5_4_2.11339.11339.4_AvA_1211_5_4_2.11337.11337.4,606,n/a,-,AvA_1211_5_4_2_matched,,2389.204,598.309,4,-1.3,1.3,1,11.51,3.25,3.25,0.21,0.35,0.34,0.34,0,0.09,390,0,16.5,0.3,38.76,0
1,LWKEEEDGQWKEEQKLEAHSDWVR-K15-156,sp|P55735|SEC13_HUMAN,-,monolink,monolink,AvA_1211_5_4_1.08579.08579.5_AvA_1211_5_4_1.08550.08550.5,207,n/a,-,AvA_1211_5_4_1_matched,,3210.521,643.112,5,-1.4,1.4,4,11.49,3.3,3.3,0.18,0.37,0.3,0.3,0,0.06,387,0,6.2,0.59,38.69,0
1,REESLEKEPEYVPWTATSGPGGIR-K7-155,sp|Q8WUM0|NU133_HUMAN,-,monolink,monolink,AvA_1211_5_4_2.09009.09009.3_AvA_1211_5_4_2.08992.08992.3,758,n/a,-,AvA_1211_5_4_2_matched,,2842.41,948.478,3,-1.9,1.9,1,11.37,1.4,1.4,0.25,0.31,0.53,0.53,0,0.11,380,0,7.4,0.13,37.9,0
1,LTAGTGHKLR-K8-156,sp|Q12769|NU160_HUMAN,-,monolink,monolink,AvA_1211_5_4_2.05284.05284.3_AvA_1211_5_4_2.05241.05241.3,343,n/a,-,AvA_1211_5_4_2_matched,,1208.686,403.903,3,-1.2,1.2,2,11.43,1.4,1.4,0.28,0.32,0.65,0.65,0,0.32,156,0,17.5,0,37.09,0
1,IDEELTGKSRKSQLVR-K11-156,sp|Q9BW27|NUP85_HUMAN,-,monolink,monolink,AvA_1211_5_4_2.05913.05913.4_AvA_1211_5_4_2.05873.05873.4,95,n/a,-,AvA_1211_5_4_2_matched,,2014.104,504.534,4,-1.1,1.1,2,10.85,2.13,2.13,0.18,0.36,0.44,0.44,0,0.14,320,0,13.5,0.82,37.03,0
1,LWKEEEDGQWKEEQKLEAHSDWVR-K11-156,sp|P55735|SEC13_HUMAN,-,monolink,monolink,AvA_1211_5_4_2.08245.08245.4_AvA_1211_5_4_2.08227.08227.4,203,n/a,-,AvA_1211_5_4_2_matched,,3210.523,803.639,4,-0.8,0.8,4,11.5,2.1,2.1,0.19,0.32,0.4,0.4,0,0.08,316,0,6.6,0.69,36.78,0
1,HHCLELAKEADLDVATITK-K8-156,sp|P57740|NU107_HUMAN,-,monolink,monolink,AvA_1211_5_4_2.13154.13154.4_AvA_1211_5_4_2.13265.13265.4,626,n/a,-,AvA_1211_5_4_2_matched,,2319.177,580.802,4,-0.6,0.6,3,10.46,2.13,2.13,0.17,0.34,0.19,0.19,0,0.05,410,0,4.6,0.44,36.3,0
1,LPSKADTSQEICSPR-K4-156,sp|P52948|NUP98_HUMAN,-,monolink,monolink,AvA_1211_5_4_1.07108.07108.3_AvA_1211_5_4_1.07058.07058.3,1019,n/a,-,AvA_1211_5_4_1_matched,,1843.896,615.64,3,-1.4,1.4,2,10.02,3.04,3.04,0.21,0.31,0.48,0.48,0,0.16,399,0,22.2,0,36.18,0
1,IDEELTGKSR-K8-156,sp|Q9BW27|NUP85_HUMAN,-,monolink,monolink,AvA_1211_5_4_2.06655.06655.3_AvA_1211_5_4_2.06596.06596.3,92,n/a,-,AvA_1211_5_4_2_matched,,1302.665,435.229,3,-1.5,1.5,2,10.09,2.55,2.55,0.15,0.44,0.28,0.28,0,0.14,237,0,27,0.16,35.72,0
1,AKDAAFATLVSDR-K2-156,sp|Q9BW27|NUP85_HUMAN,-,monolink,monolink,AvA_1211_5_4_2.09731.09731.3_AvA_1211_5_4_2.09690.09690.3,494,n/a,-,AvA_1211_5_4_2_matched,,1519.785,507.603,3,-2,2,2,11.49,2.59,2.59,0.22,0.22,0.55,0.55,0,0.21,277,0,40.2,0.24,35.68,0
1,LIPESSGKIHQHILPQGQGMLSGIGR-K8-156,sp|Q8WUM0|NU133_HUMAN,-,monolink,monolink,AvA_1211_5_4_2.09028.09028.4_AvA_1211_5_4_2.09007.09007.4,239,n/a,-,AvA_1211_5_4_2_matched,,2908.561,728.148,4,0.4,0.4,4,11.51,1.66,1.66,0.25,0.31,0.52,0.52,0,0.1,244,0,8.3,0.43,35.6,0
1,LIPESSGKIHQHILPQGQGMLSGIGR-K8-155,sp|Q8WUM0|NU133_HUMAN,-,monolink,monolink,AvA_1211_5_4_2.08610.08610.4_AvA_1211_5_4_2.08588.08588.4,239,n/a,-,AvA_1211_5_4_2_matched,,2907.572,727.901,4,-1.9,1.9,3,11.51,1.25,1.25,0.15,0.35,0.43,0.43,0,0.08,204,0,8.7,0.38,35.3,0
1,HLASDAIINENYDYLKGFLEDLAPPER-K16-156,sp|P52948|NUP98_HUMAN,-,monolink,monolink,AvA_1211_5_4_1.11451.11451.4_AvA_1211_5_4_1.11449.11449.4,1668,n/a,-,AvA_1211_5_4_1_matched,,3258.61,815.66,4,0.4,0.4,3,11.44,1.83,1.83,0.14,0.22,0.4,0.4,0,0.07,350,0,4.5,0.26,34.85,0
1,IFTLKPVRKELTSSGGPTK-K5-156,sp|Q96EE3|SEH1_HUMAN,-,monolink,monolink,AvA_1211_5_4_1.07646.07646.4_AvA_1211_5_4_1.07629.07629.4,251,n/a,-,AvA_1211_5_4_1_matched,,2214.259,554.573,4,-1.4,1.4,1,11.03,1.78,1.78,0.11,0.32,0.38,0.38,0,0.1,243,0,8.2,0.93,34.43,0
1,LTAGTGHKLR-K8-155,sp|Q12769|NU160_HUMAN,-,monolink,monolink,AvA_1211_5_4_2.04445.04445.3_AvA_1211_5_4_2.04405.04405.3,343,n/a,-,AvA_1211_5_4_2_matched,,1207.702,403.575,3,-3.1,3.1,2,10.09,1.1,1.1,0.23,0.35,0.54,0.54,0,0.27,154,0,19.5,0.28,34.2,0
1,KDNGEFSHHDLAPALDTGTTEEDRLK-K1-156,sp|P57740|NU107_HUMAN,-,monolink,monolink,AvA_1211_5_4_2.07335.07335.4_AvA_1211_5_4_2.07315.07315.4,646,n/a,-,AvA_1211_5_4_2_matched,,3051.439,763.868,4,-1.1,1.1,2,9.73,2.26,2.26,0.13,0.27,0.23,0.23,0,0.04,456,0,3.7,0,34.15,0
1,EDAKEDHERTHQMVLLR-K4-156,sp|P57740|NU107_HUMAN,-,monolink,monolink,AvA_1211_5_4_1.06368.06368.3_AvA_1211_5_4_1.06333.06333.3,837,n/a,-,AvA_1211_5_4_1_matched,,2262.104,755.042,3,-1.2,1.2,6,11.11,1.6,1.6,0.23,0.27,0.25,0.25,0,0.07,266,0,11.1,0.2,34.07,0
1,GLEKQGNCYLAALNCLR-K4-155,sp|Q12769|NU160_HUMAN,-,monolink,monolink,AvA_1211_5_4_2.10047.10047.3_AvA_1211_5_4_2.10039.10039.3,1120,n/a,-,AvA_1211_5_4_2_matched,,2134.068,712.364,3,-0.1,0.1,1,8.4,2.46,2.46,0.11,0.19,0.32,0.32,0,0.09,658,0,13.7,0.14,33.93,0
1,IDEELTGKSRKSQLVR-K8-156,sp|Q9BW27|NUP85_HUMAN,-,monolink,monolink,AvA_1211_5_4_1.05883.05883.4_AvA_1211_5_4_1.05860.05860.4,92,n/a,-,AvA_1211_5_4_1_matched,,2014.106,504.534,4,0,0,4,9.97,2.45,2.45,0.2,0.29,0.43,0.43,0,0.13,327,0,11.9,0.74,33.88,0
1,KLFNESHGIFLGLQR-K1-156,sp|Q9BW27|NUP85_HUMAN,-,monolink,monolink,AvA_1211_5_4_1.10060.10060.3_AvA_1211_5_4_1.10040.10040.3,70,n/a,-,AvA_1211_5_4_1_matched,,1914.035,639.019,3,-0.7,0.7,1,11.12,1.85,1.85,0.21,0.33,0.27,0.27,0,0.09,182,0,25.1,0.23,33.84,0
1,EKSEMVPSCPFIYIIR-K2-156,sp|Q9BW27|NUP85_HUMAN,-,monolink,monolink,AvA_1211_5_4_2.10812.10812.3_AvA_1211_5_4_2.10808.10808.3,44,n/a,-,AvA_1211_5_4_2_matched,,2124.062,709.029,3,-0.6,0.6,2,11.26,1.43,1.43,0.18,0.28,0.41,0.41,0,0.13,166,0,29.9,0.17,33.34,0
1,TAAVWEEIVGESNDKLRGQSHWVKR-K15-156,sp|Q96EE3|SEH1_HUMAN,-,monolink,monolink,AvA_1211_5_4_1.09557.09557.5_AvA_1211_5_4_1.09605.09605.5,96,n/a,-,AvA_1211_5_4_1_matched,,3050.555,611.119,5,-0.9,0.9,1,10.63,1.23,1.23,0.09,0.31,0.67,0.67,0,0.13,194,0,4,0.83,33.01,0
1,TAAVWEEIVGESNDKLRGQSHWVKR-K24-156,sp|Q96EE3|SEH1_HUMAN,-,monolink,monolink,AvA_1211_5_4_1.09560.09560.3_AvA_1211_5_4_1.09546.09546.3,105,n/a,-,AvA_1211_5_4_1_matched,,3050.547,1017.857,3,-3.5,3.5,3,9.47,1.35,1.35,0.19,0.13,0.52,0.52,0,0.1,538,0,7.8,0.9,32.93,0
1,SIAADHKDLIHDVSFDFHGRR-K7-155,sp|Q96EE3|SEH1_HUMAN,-,monolink,monolink,AvA_1211_5_4_2.08164.08164.4_AvA_1211_5_4_2.08152.08152.4,12,n/a,-,AvA_1211_5_4_2_matched,,2590.3,648.583,4,-2.3,2.3,3,10.55,1.5,1.5,0.21,0.28,0.5,0.5,0,0.12,208,0,9.4,0.24,32.54,0
1,LPISASHSSKTR-K10-156,sp|P52948|NUP98_HUMAN,-,monolink,monolink,AvA_1211_5_4_1.05341.05341.3_AvA_1211_5_4_1.05297.05297.3,1040,n/a,-,AvA_1211_5_4_1_matched,,1438.776,480.6,3,-1.6,1.6,2,10.67,1.36,1.36,0.21,0.13,0.6,0.6,0,0.25,275,0,14.2,0,32.44,0
1,KRVLEENQEHYHIVQK-K1-156,sp|P57740|NU107_HUMAN,-,monolink,monolink,AvA_1211_5_4_1.05605.05605.3_AvA_1211_5_4_1.05569.05569.3,502,n/a,-,AvA_1211_5_4_1_matched,,2205.151,736.058,3,-1.4,1.4,4,9.2,2.05,2.05,0.29,0.19,0.46,0.46,0,0.15,410,0,41.8,0.34,32.12,0
1,TLPLCVIGGDHKLLFWVTEV-K12-155,sp|Q8NFH4|NUP37_HUMAN,-,monolink,monolink,AvA_1211_5_4_1.11595.11595.3_AvA_1211_5_4_1.11594.11594.3,318,n/a,-,AvA_1211_5_4_1_matched,,2451.324,818.116,3,-0.5,0.5,1,9.87,2.06,2.06,0.15,0.1,0.26,0.26,0,0.06,515,0,6.2,0.34,31.96,0
1,GVHKIASTR-K4-156,sp|Q12769|NU160_HUMAN,-,monolink,monolink,AvA_1211_5_4_1.04895.04895.3_AvA_1211_5_4_1.04832.04832.3,722,n/a,-,AvA_1211_5_4_1_matched,,1123.634,375.552,3,-1.2,1.2,2,8.82,2.33,2.33,0.15,0.38,0.28,0.28,0,0.15,180,0,16.7,0.22,31.02,0
1,TMPILSPGNTQTLTELELKWQHWHEECER-K19-156,sp|Q9BW27|NUP85_HUMAN,-,monolink,monolink,AvA_1211_5_4_1.10650.10650.3_AvA_1211_5_4_1.10695.10695.3,257,n/a,-,AvA_1211_5_4_1_matched,,3718.777,1240.6,3,0.3,0.3,6,10.09,0.7,0.7,0.26,0.16,0.53,0.53,0,0.09,320,0,8.5,0,30.85,0
1,YAKAETLMTVTDPVHDIAFAPNLGR-K3-156,sp|Q96EE3|SEH1_HUMAN,-,monolink,monolink,AvA_1211_5_4_1.10545.10545.3_AvA_1211_5_4_1.10524.10524.3,211,n/a,-,AvA_1211_5_4_1_matched,,2885.465,962.83,3,0.7,0.7,1,8.7,1.26,1.26,0.16,0.38,0.25,0.25,0,0.05,203,0,6.1,0.22,29.93,0
1,LIRPEYAWIVQPVSGAVYDRPGASPKR-K26-155,sp|Q12769|NU160_HUMAN,-,monolink,monolink,AvA_1211_5_4_1.09651.09651.5_AvA_1211_5_4_1.09630.09630.5,1159,n/a,-,AvA_1211_5_4_1_matched,,3179.722,636.952,5,-1.2,1.2,4,9.17,2.63,2.63,0.16,0.16,0.37,0.37,0,0.07,400,0,2.8,0.38,29.89,0
1,IDEELTGKSRK-K11-156,sp|Q9BW27|NUP85_HUMAN,-,monolink,monolink,AvA_1211_5_4_1.05777.05777.3_AvA_1211_5_4_1.05734.05734.3,95,n/a,-,AvA_1211_5_4_1_matched,,1430.759,477.928,3,-1.8,1.8,1,8.43,0.75,0.75,0.21,0.2,0.64,0.64,0,0.29,221,0,11.2,0,29.18,0
1,SSYPQNKRPVHMDR-K7-156,sp|Q8NFH4|NUP37_HUMAN,-,monolink,monolink,AvA_1211_5_4_2.05155.05155.3_AvA_1211_5_4_2.05116.05116.3,246,n/a,-,AvA_1211_5_4_2_matched,,1869.915,624.313,3,-0.2,0.2,4,9.37,0.77,0.77,0.15,0.15,0.6,0.6,0,0.21,220,0,16.1,0.48,28.71,0
1,DRLAQSDMAKR-K10-156,sp|P52948|NUP98_HUMAN,-,monolink,monolink,AvA_1211_5_4_1.05551.05551.3_AvA_1211_5_4_1.05513.05513.3,1749,n/a,-,AvA_1211_5_4_1_matched,,1445.728,482.917,3,-1.1,1.1,1,7.62,3.19,3.19,0.12,0.18,0.22,0.22,0,0.1,428,0,12.4,0.34,28.05,0
1,HIQQVDCSGNDLEQLHIKVTSLCSR-K18-155,sp|P52948|NUP98_HUMAN,-,monolink,monolink,AvA_1211_5_4_1.09233.09233.3_AvA_1211_5_4_1.09194.09194.3,1722,n/a,-,AvA_1211_5_4_1_matched,,3091.517,1031.513,3,-0.9,0.9,2,9.44,1.43,1.43,0.2,0.12,0.3,0.3,0,0.06,313,0,3.8,0,28.05,0
1,ESVDGQWVCISDVNKGQGSVSASVTEGQQNEQ-K15-156,sp|P55735|SEC13_HUMAN,-,monolink,monolink,AvA_1211_5_4_2.13191.13191.3_AvA_1211_5_4_2.13257.13257.3,305,n/a,-,AvA_1211_5_4_2_matched,,3577.608,1193.544,3,-1.1,1.1,3,6.98,1.45,1.45,0.11,0.11,0.22,0.22,0,0.03,627,0,2.6,0,28.02,0
1,LRGQSHWVKR-K9-156,sp|Q96EE3|SEH1_HUMAN,-,monolink,monolink,AvA_1211_5_4_1.05273.05273.3_AvA_1211_5_4_1.05239.05239.3,105,n/a,-,AvA_1211_5_4_1_matched,,1421.787,474.937,3,-1.2,1.2,1,7.2,3.07,3.07,0.09,0.15,0.36,0.36,0,0.18,434,0,11,0,27.69,0
1,RPVHGESDTEQLQDDDIETTKVEMLRLSLAR-K21-156,sp|Q9BW27|NUP85_HUMAN,-,monolink,monolink,AvA_1211_5_4_2.08832.08832.5_AvA_1211_5_4_2.08839.08839.5,631,n/a,-,AvA_1211_5_4_2_matched,,3736.857,748.379,5,-0.1,0.1,1,7.91,1.13,1.13,0.08,0.27,0.25,0.25,0,0.04,238,0,2,0.27,26.43,0
1,QRKPDEDMKLYQTPLELK-K9-156,sp|P52948|NUP98_HUMAN,-,monolink,monolink,AvA_1211_5_4_2.08960.08960.4_AvA_1211_5_4_2.08919.08919.4,1213,n/a,-,AvA_1211_5_4_2_matched,,2387.24,597.818,4,-0.4,0.4,1,8.31,1.49,1.49,0.11,0.21,0.19,0.19,0,0.05,175,0,4.9,0.45,24.97,0
1,QKMPLDDLDREDEVR-K2-156,sp|P57740|NU107_HUMAN,-,monolink,monolink,AvA_1211_5_4_2.08371.08371.3_AvA_1211_5_4_2.08310.08310.3,332,n/a,-,AvA_1211_5_4_2_matched,,2013.967,672.33,3,-0.3,0.3,3,6.63,0.7,0.7,0.06,0.38,0.14,0.14,0,0.05,62,0,7.3,0.3,22.96,0
1,NSPVEAVFSYLTGKR-K14-155,sp|P52948|NUP98_HUMAN,-,monolink,monolink,AvA_1211_5_4_2.11303.11303.3_AvA_1211_5_4_2.11302.11302.3,1341,n/a,-,AvA_1211_5_4_2_matched,,1821.961,608.328,3,-1.6,1.6,1,5.06,1.25,1.25,0.11,0.19,0.2,0.2,0,0.07,311,0,7.8,0,20.77,0.012
1,SLVGGLLQSKFTSGAFLSPSVSVQECR-K10-155,sp|P52948|NUP98_HUMAN,-,monolink,monolink,AvA_1211_5_4_1.10934.10934.3_AvA_1211_5_4_1.10928.10928.3,1052,n/a,-,AvA_1211_5_4_1_matched,,3008.558,1003.86,3,-2.6,2.6,1,5.19,1.07,1.07,0.1,0.08,0.22,0.22,0,0.04,430,0,2.9,0,20.57,0.012
1,EMDYETEVEMEKGFNPAQPLNIR-K12-156,sp|Q12769|NU160_HUMAN,-,monolink,monolink,AvA_1211_5_4_1.12220.12220.3_AvA_1211_5_4_1.12179.12179.3,689,n/a,-,AvA_1211_5_4_1_matched,,2895.346,966.123,3,5.3,5.3,4,6.49,0.77,0.77,0.07,0.2,0.19,0.19,0,0.04,82,0,4.9,0,19.18,0.011
1,RMATCSSDQSVKVWDK-K12-156,sp|Q96EE3|SEH1_HUMAN,-,monolink,monolink,AvA_1211_5_4_1.07327.07327.3_AvA_1211_5_4_1.07278.07278.3,37,n/a,-,AvA_1211_5_4_1_matched,,2052.955,685.326,3,-2.8,2.8,2,5.34,1.47,1.47,0.08,0.11,0.13,0.13,0,0.04,302,0,7.8,0,19.03,0.011
1,KPDEDMKLYQTPLELK-K7-156,sp|P52948|NUP98_HUMAN,-,monolink,monolink,AvA_1211_5_4_2.09597.09597.3_AvA_1211_5_4_2.09572.09572.3,1213,n/a,-,AvA_1211_5_4_2_matched,,2103.08,702.035,3,-0.4,0.4,1,4.14,1.29,1.29,0.08,0.14,0.09,0.09,0,0.03,317,0,2.7,0,17.33,0.011
1,GHLDALTADVKEK-K11-156,sp|P57740|NU107_HUMAN,-,monolink,monolink,AvA_1211_5_4_2.07601.07601.3_AvA_1211_5_4_2.07591.07591.3,814,n/a,-,AvA_1211_5_4_2_matched,,1551.813,518.279,3,-1.2,1.2,1,5.83,1.25,1.25,0.02,0.13,0.11,0.11,0,0.04,117,0,4.1,0.41,17.01,0.011
1,FAPKHMGLMLATCSADGIVR-K4-155,sp|Q96EE3|SEH1_HUMAN,-,monolink,monolink,AvA_1211_5_4_1.09754.09754.3_AvA_1211_5_4_1.09759.09759.3,124,n/a,-,AvA_1211_5_4_1_matched,,2329.173,777.399,3,-1.5,1.5,1,5.28,0.86,0.86,0.04,0.11,0.14,0.14,0,0.03,118,0,2.8,0.31,15.32,0.011
1,SSYPQNKRPVHMDR-K7-155,sp|Q8NFH4|NUP37_HUMAN,-,monolink,monolink,AvA_1211_5_4_1.04493.04493.3_AvA_1211_5_4_1.04041.04041.3,246,n/a,-,AvA_1211_5_4_1_matched,,1868.929,623.984,3,-2.5,2.5,2,3.72,0.28,0.28,0.1,0.21,0.2,0.2,0,0.07,78,0,3.3,0.76,14.47,0.011
1,QRKPDEDMK-K3-155,sp|P52948|NUP98_HUMAN,-,monolink,monolink,AvA_1211_5_4_2.03604.03604.3_AvA_1211_5_4_2.03540.03540.3,1207,n/a,-,AvA_1211_5_4_2_matched,,1300.643,434.555,3,-2.8,2.8,2,4.54,0.62,0.62,0.09,0.15,0.03,0.03,0,0.02,32,0,8.6,0,13.28,0.042
1,LSAAIVLKNHHSR-K8-156,sp|Q8WUM0|NU133_HUMAN,-,monolink,monolink,AvA_1211_5_1_2.05679.05679.4_AvA_1211_5_1_2.05654.05654.4,654,n/a,-,AvA_1211_5_1_2_matched,,1600.903,401.234,4,-1.3,1.3,1,11.49,2.71,2.71,0.25,0.3,0.46,0.46,0,0.18,389,0,22.5,0.46,39,0
1,RPVHGESDTEQLQDDDIETTKVEMLR-K21-156,sp|Q9BW27|NUP85_HUMAN,-,monolink,monolink,AvA_1211_5_1_2.07658.07658.4_AvA_1211_5_1_2.07091.07091.4,631,n/a,-,AvA_1211_5_1_2_matched,,3196.512,800.136,4,-2.4,2.4,3,8.46,2.55,2.55,0.15,0.22,0.31,0.31,0,0.06,623,0,5,0.23,33.8,0
1,SESGDWHCTASWKTHSGSVWR-K13-156,sp|Q96EE3|SEH1_HUMAN,-,monolink,monolink,AvA_1211_5_1_2.06722.06722.4_AvA_1211_5_1_2.06694.06694.4,54,n/a,-,AvA_1211_5_1_2_matched,,2616.153,655.046,4,2.8,2.8,1,5.75,0.81,0.81,0.06,0.31,0.21,0.21,0,0.05,168,0,1.6,0,21.74,0
1,LLATASFTKSSR-K9-155,sp|Q8WYP5|ELYS_HUMAN,-,monolink,monolink,AvA_1211_5_1_1.07940.07940.3_AvA_1211_5_1_1.07933.07933.3,2092,n/a,-,AvA_1211_5_1_1_matched,,1435.808,479.611,3,2.1,2.1,1,4.18,1.24,1.24,0.1,0.25,0.05,0.05,0,0.02,145,0,2.1,0,16.69,0
1,LLATASFTKSSRSSRTR-K9-155,sp|Q8WYP5|ELYS_HUMAN,-,monolink,monolink,AvA_1211_5_1_1.06047.06047.3_AvA_1211_5_1_1.06684.06684.3,2092,n/a,-,AvA_1211_5_1_1_matched,,2023.113,675.379,3,-2.9,2.9,1,4.35,0.89,0.89,0.04,0.14,0.05,0.05,0,0.02,153,0,1.6,0.73,14.72,0
1,KELTSSGGPTKFEIHIVAQFDNHNSQVWR-K11-156,sp|Q96EE3|SEH1_HUMAN,-,monolink,monolink,AvA_1211_5_1_1.07558.07558.5_AvA_1211_5_1_1.07560.07560.5,265,n/a,-,AvA_1211_5_1_1_matched,,3480.743,697.156,5,0,0,1,4.41,0.65,0.65,0.05,0.13,0.12,0.12,0,0.02,151,0,1.4,0.8,14.51,0
1,TCIFKHHLDLGHNSQAYEALTQIPDSSR-K5-156,sp|Q12769|NU160_HUMAN,-,monolink,monolink,AvA_1211_5_3_1.08541.08541.3_AvA_1211_5_3_1.08519.08519.3,1006,n/a,-,AvA_1211_5_3_1_matched,,3393.639,1132.221,3,-0.5,0.5,4,11.5,4.94,4.94,0.24,0.2,0.46,0.46,0,0.08,1190,0,10.7,0,49.97,0
1,TAAVWEEIVGESNDKLR-K15-156,sp|Q96EE3|SEH1_HUMAN,-,monolink,monolink,AvA_1211_5_3_2.09825.09825.3_AvA_1211_5_3_2.09823.09823.3,96,n/a,-,AvA_1211_5_3_2_matched,,2072.042,691.689,3,-0.1,0.1,1,11.51,5.08,5.08,0.24,0.27,0.47,0.47,0,0.14,1012,0,19,0.18,48.94,0
1,RPVHGESDTEQLQDDDIETTKVEMLR-K21-155,sp|Q9BW27|NUP85_HUMAN,-,monolink,monolink,AvA_1211_5_3_1.08203.08203.3_AvA_1211_5_3_1.08232.08232.3,631,n/a,-,AvA_1211_5_3_1_matched,,3195.535,1066.186,3,-0.7,0.7,4,11.29,3.89,3.89,0.3,0.28,0.51,0.51,0,0.1,958,0,13.7,0,47.42,0
1,KVSSLFGILSPSSDLTLSSVLWDR-K1-156,sp|Q8WUM0|NU133_HUMAN,-,monolink,monolink,AvA_1211_5_3_1.10827.10827.3_AvA_1211_5_3_1.10828.10828.3,258,n/a,-,AvA_1211_5_3_1_matched,,2762.473,921.832,3,-0.3,0.3,1,10.7,3.75,3.75,0.2,0.28,0.51,0.51,0,0.11,1017,0,11.8,0.2,47.31,0
1,SIAADHKDLIHDVSFDFHGR-K7-156,sp|Q96EE3|SEH1_HUMAN,-,monolink,monolink,AvA_1211_5_3_1.08664.08664.3_AvA_1211_5_3_1.08644.08644.3,12,n/a,-,AvA_1211_5_3_1_matched,,2435.187,812.737,3,0.1,0.1,5,11.5,4.33,4.33,0.25,0.27,0.48,0.48,0,0.12,878,0,19.5,0.08,46.34,0
1,MKAHSFLMDFIHQVGLFGR-K2-156,sp|Q8WUM0|NU133_HUMAN,-,monolink,monolink,AvA_1211_5_3_2.10585.10585.3_AvA_1211_5_3_2.10576.10576.3,606,n/a,-,AvA_1211_5_3_2_matched,,2389.211,797.411,3,1.2,1.2,4,11.5,3.85,3.85,0.38,0.29,0.44,0.44,0,0.12,814,0,35.9,0.1,46.03,0
1,RPVHGESDTEQLQDDDIETTKVEMLR-K21-156,sp|Q9BW27|NUP85_HUMAN,-,monolink,monolink,AvA_1211_5_3_2.08877.08877.3_AvA_1211_5_3_2.08879.08879.3,631,n/a,-,AvA_1211_5_3_2_matched,,3196.512,1066.512,3,-2.3,2.3,7,11.51,2.89,2.89,0.28,0.32,0.5,0.5,0,0.1,779,0,11.8,0.09,45.45,0
1,YLQDSTFATSPHLESLLKIMLGDEAALLEQK-K18-156,sp|Q9BW27|NUP85_HUMAN,-,monolink,monolink,AvA_1211_5_3_1.10895.10895.4_AvA_1211_5_3_1.10891.10891.4,285,n/a,-,AvA_1211_5_3_1_matched,,3616.868,905.225,4,2.6,2.6,2,11.5,3.68,3.68,0.2,0.25,0.48,0.48,0,0.08,798,0,6,0,43.87,0
1,LAALASDFSEDMLQEKIEEMAEQER-K16-155,sp|Q8WUM0|NU133_HUMAN,-,monolink,monolink,AvA_1211_5_3_1.10199.10199.3_AvA_1211_5_3_1.10184.10184.3,991,n/a,-,AvA_1211_5_3_1_matched,,3037.429,1013.484,3,0.3,0.3,1,9.78,4.01,4.01,0.14,0.17,0.37,0.37,0,0.07,1004,0,9.3,0,42.34,0
1,QMLSKEADASPASAGICR-K5-156,sp|Q9BW27|NUP85_HUMAN,-,monolink,monolink,AvA_1211_5_3_2.07261.07261.3_AvA_1211_5_3_2.07217.07217.3,218,n/a,-,AvA_1211_5_3_2_matched,,2046.97,683.331,3,-0.5,0.5,2,11.43,2.93,2.93,0.27,0.34,0.54,0.54,0,0.15,508,0,12.5,0.23,41.54,0
1,HIQQVDCSGNDLEQLHIKVTSLCSR-K18-156,sp|P52948|NUP98_HUMAN,-,monolink,monolink,AvA_1211_5_3_1.08943.08943.4_AvA_1211_5_3_1.08919.08919.4,1722,n/a,-,AvA_1211_5_3_1_matched,,3092.502,774.133,4,0,0,3,11.51,4.18,4.18,0.34,0.31,0.61,0.61,0,0.12,534,0,33.8,0.19,41.42,0
1,GDQSPSDRPLSLAVHCVEHDAFIFALCQDHKLR-K31-156,sp|Q12769|NU160_HUMAN,-,monolink,monolink,AvA_1211_5_3_2.09847.09847.4_AvA_1211_5_3_2.09851.09851.4,307,n/a,-,AvA_1211_5_3_2_matched,,3973.925,994.489,4,1.1,1.1,1,10.1,3.87,3.87,0.23,0.17,0.32,0.32,0,0.05,901,0,3.6,0.35,41.02,0
1,INNAHTIGCNAVSWAPAVVPGSLIDHPSGQKPNYIK-K31-156,sp|P55735|SEC13_HUMAN,-,monolink,monolink,AvA_1211_5_3_1.09149.09149.3_AvA_1211_5_3_1.09131.09131.3,175,n/a,-,AvA_1211_5_3_1_matched,,3981.018,1328.014,3,-0.6,0.6,1,10.13,2.34,2.34,0.26,0.22,0.48,0.48,0,0.07,818,0,3.8,0.17,40.89,0
1,IDEELTGKSRKSQLVR-K8-156,sp|Q9BW27|NUP85_HUMAN,-,monolink,monolink,AvA_1211_5_3_2.05500.05500.4_AvA_1211_5_3_2.05477.05477.4,92,n/a,-,AvA_1211_5_3_2_matched,,2014.105,504.534,4,-0.6,0.6,2,11.51,3.03,3.03,0.19,0.43,0.43,0.43,0,0.14,364,0,16.4,0.88,40.65,0
1,LSAAIVLKNHHSR-K8-156,sp|Q8WUM0|NU133_HUMAN,-,monolink,monolink,AvA_1211_5_3_2.06527.06527.4_AvA_1211_5_3_2.06487.06487.4,654,n/a,-,AvA_1211_5_3_2_matched,,1600.902,401.233,4,-1.6,1.6,3,11.51,2.49,2.49,0.24,0.3,0.63,0.63,0,0.24,348,0,11.8,0,39.05,0
1,LWKEEEDGQWKEEQKLEAHSDWVR-K15-156,sp|P55735|SEC13_HUMAN,-,monolink,monolink,AvA_1211_5_3_2.07746.07746.4_AvA_1211_5_3_2.08018.08018.4,207,n/a,-,AvA_1211_5_3_2_matched,,3210.527,803.64,4,0.3,0.3,2,11.48,2.78,2.78,0.19,0.28,0.26,0.26,0,0.05,505,0,5.8,0.61,38.87,0
1,SLVGGLLQSKFTSGAFLSPSVSVQECR-K10-156,sp|P52948|NUP98_HUMAN,-,monolink,monolink,AvA_1211_5_3_2.10439.10439.3_AvA_1211_5_3_2.10432.10432.3,1052,n/a,-,AvA_1211_5_3_2_matched,,3009.548,1004.191,3,0,0,1,11.38,2.5,2.5,0.31,0.3,0.55,0.55,0,0.1,413,0,14.7,0.08,38.29,0
1,SIAADHKDLIHDVSFDFHGRR-K7-156,sp|Q96EE3|SEH1_HUMAN,-,monolink,monolink,AvA_1211_5_3_1.08099.08099.4_AvA_1211_5_3_1.08056.08056.4,12,n/a,-,AvA_1211_5_3_1_matched,,2591.286,648.829,4,-0.9,0.9,5,11.51,1.73,1.73,0.16,0.43,0.49,0.49,0,0.12,228,0,12.2,0.21,37.89,0
1,REESLEKEPEYVPWTATSGPGGIR-K7-155,sp|Q8WUM0|NU133_HUMAN,-,monolink,monolink,AvA_1211_5_3_1.08357.08357.3_AvA_1211_5_3_1.08350.08350.3,758,n/a,-,AvA_1211_5_3_1_matched,,2842.411,948.478,3,-1.6,1.6,1,11.34,1.65,1.65,0.21,0.25,0.51,0.51,0,0.11,416,0,10.9,0,37.12,0
1,SIAADHKDLIHDVSFDFHGR-K7-155,sp|Q96EE3|SEH1_HUMAN,-,monolink,monolink,AvA_1211_5_3_2.08226.08226.4_AvA_1211_5_3_2.08208.08208.4,12,n/a,-,AvA_1211_5_3_2_matched,,2434.202,609.558,4,-1.3,1.3,2,11.51,1.66,1.66,0.21,0.39,0.61,0.61,0,0.15,194,0,18.6,0.25,36.89,0
1,LIPESSGKIHQHILPQGQGMLSGIGR-K8-156,sp|Q8WUM0|NU133_HUMAN,-,monolink,monolink,AvA_1211_5_3_1.08393.08393.4_AvA_1211_5_3_1.08376.08376.4,239,n/a,-,AvA_1211_5_3_1_matched,,2908.559,728.148,4,0.1,0.1,4,11.51,1.85,1.85,0.26,0.33,0.5,0.5,0,0.1,270,0,10.7,0.42,36.54,0
1,REESLEKEPEYVPWTATSGPGGIR-K7-156,sp|Q8WUM0|NU133_HUMAN,-,monolink,monolink,AvA_1211_5_3_1.08823.08823.3_AvA_1211_5_3_1.08812.08812.3,758,n/a,-,AvA_1211_5_3_1_matched,,2843.396,948.807,3,-0.6,0.6,2,11.06,1.31,1.31,0.23,0.24,0.51,0.51,0,0.11,415,0,6.2,0,36.29,0
1,IDEELTGKSRKSQLVR-K11-156,sp|Q9BW27|NUP85_HUMAN,-,monolink,monolink,AvA_1211_5_3_1.05459.05459.3_AvA_1211_5_3_1.05422.05422.3,95,n/a,-,AvA_1211_5_3_1_matched,,2014.105,672.376,3,-0.5,0.5,1,11.08,1.14,1.14,0.19,0.32,0.56,0.56,0,0.17,265,0,25.4,0.88,36.04,0
1,LWKEEEDGQWKEEQKLEAHSDWVR-K11-156,sp|P55735|SEC13_HUMAN,-,monolink,monolink,AvA_1211_5_3_2.07746.07746.4_AvA_1211_5_3_2.07702.07702.4,203,n/a,-,AvA_1211_5_3_2_matched,,3210.527,803.64,4,0.3,0.3,3,10.27,2.03,2.03,0.19,0.29,0.21,0.21,0,0.04,431,0,5.1,0.75,35.29,0
1,HLASDAIINENYDYLKGFLEDLAPPER-K16-155,sp|P52948|NUP98_HUMAN,-,monolink,monolink,AvA_1211_5_3_2.10606.10606.4_AvA_1211_5_3_2.10676.10676.4,1668,n/a,-,AvA_1211_5_3_2_matched,,3257.617,815.412,4,-2.7,2.7,2,11.31,1.84,1.84,0.15,0.19,0.53,0.53,0,0.1,389,0,5.6,0.25,35.08,0
1,LPISASHSSKTR-K10-156,sp|P52948|NUP98_HUMAN,-,monolink,monolink,AvA_1211_5_3_2.04957.04957.3_AvA_1211_5_3_2.04895.04895.3,1040,n/a,-,AvA_1211_5_3_2_matched,,1438.776,480.6,3,-1.5,1.5,2,10.34,1.52,1.52,0.25,0.24,0.55,0.55,0,0.23,277,0,11.8,0,33.96,0
1,FAPKHMGLMLATCSADGIVR-K4-156,sp|Q96EE3|SEH1_HUMAN,-,monolink,monolink,AvA_1211_5_3_2.09388.09388.3_AvA_1211_5_3_2.09372.09372.3,124,n/a,-,AvA_1211_5_3_2_matched,,2330.157,777.727,3,-0.4,0.4,1,8.27,3.05,3.05,0.08,0.17,0.27,0.27,0,0.07,718,0,9.2,0,33.92,0
1,TAAVWEEIVGESNDKLRGQSHWVKR-K24-156,sp|Q96EE3|SEH1_HUMAN,-,monolink,monolink,AvA_1211_5_3_2.08920.08920.4_AvA_1211_5_3_2.08924.08924.4,105,n/a,-,AvA_1211_5_3_2_matched,,3050.556,763.647,4,-0.3,0.3,2,10.35,2.14,2.14,0.2,0.25,0.64,0.64,0,0.13,332,0,11.9,0.82,33.78,0
1,LIPESSGKIHQHILPQGQGMLSGIGR-K8-155,sp|Q8WUM0|NU133_HUMAN,-,monolink,monolink,AvA_1211_5_3_1.07978.07978.4_AvA_1211_5_3_1.07956.07956.4,239,n/a,-,AvA_1211_5_3_1_matched,,2907.569,727.9,4,-2.9,2.9,3,11.51,1.63,1.63,0.23,0.22,0.45,0.45,0,0.09,250,0,8.5,0.38,33.69,0
1,TAAVWEEIVGESNDKLRGQSHWVKR-K15-156,sp|Q96EE3|SEH1_HUMAN,-,monolink,monolink,AvA_1211_5_3_2.08919.08919.5_AvA_1211_5_3_2.08898.08898.5,96,n/a,-,AvA_1211_5_3_2_matched,,3050.554,611.119,5,-1,1,1,11.5,1.53,1.53,0.17,0.24,0.68,0.68,0,0.14,203,0,9.8,0.4,33.59,0
1,LKHSTVHVDELCPLIVPNLGVAVIHDYADWVK-K2-156,sp|P52948|NUP98_HUMAN,-,monolink,monolink,AvA_1211_5_3_1.10113.10113.4_AvA_1211_5_3_1.10104.10104.4,1224,n/a,-,AvA_1211_5_3_1_matched,,3792.994,949.256,4,0.8,0.8,3,11.41,2.11,2.11,0.22,0.25,0.28,0.28,0,0.04,254,0,4.9,0.17,33.54,0
1,LIRPEYAWIVQPVSGAVYDRPGASPKR-K26-155,sp|Q12769|NU160_HUMAN,-,monolink,monolink,AvA_1211_5_3_2.08989.08989.5_AvA_1211_5_3_2.08988.08988.5,1159,n/a,-,AvA_1211_5_3_2_matched,,3179.719,636.952,5,-2.4,2.4,3,9.19,3.03,3.03,0.29,0.24,0.51,0.51,0,0.1,379,0,6.4,0.34,31.94,0
1,LPPYDIPGMVSVVELKQSSVMQR-K16-156,sp|Q12769|NU160_HUMAN,-,monolink,monolink,AvA_1211_5_3_2.10500.10500.3_AvA_1211_5_3_2.10499.10499.3,258,n/a,-,AvA_1211_5_3_2_matched,,2728.415,910.479,3,-1.1,1.1,1,7,2.3,2.3,0.1,0.2,0.32,0.32,0,0.07,707,0,6.4,0.17,31.91,0
1,KRVLEENQEHYHIVQK-K1-156,sp|P57740|NU107_HUMAN,-,monolink,monolink,AvA_1211_5_3_1.05181.05181.3_AvA_1211_5_3_1.05139.05139.3,502,n/a,-,AvA_1211_5_3_1_matched,,2205.154,736.059,3,-0.1,0.1,1,10.05,1.98,1.98,0.23,0.17,0.32,0.32,0,0.1,367,0,12.5,0,31.9,0
1,SIAADHKDLIHDVSFDFHGRR-K7-155,sp|Q96EE3|SEH1_HUMAN,-,monolink,monolink,AvA_1211_5_3_2.07683.07683.4_AvA_1211_5_3_2.07663.07663.4,12,n/a,-,AvA_1211_5_3_2_matched,,2590.301,648.583,4,-2,2,2,11.19,1.34,1.34,0.17,0.2,0.39,0.39,0,0.09,184,0,5.2,0.23,31.2,0
1,TMPILSPGNTQTLTELELKWQHWHEECER-K19-156,sp|Q9BW27|NUP85_HUMAN,-,monolink,monolink,AvA_1211_5_3_1.09882.09882.4_AvA_1211_5_3_1.09861.09861.4,257,n/a,-,AvA_1211_5_3_1_matched,,3718.778,930.702,4,0.6,0.6,14,11.38,0.93,0.93,0.23,0.22,0.46,0.46,0,0.08,123,0,4.8,0.31,30.94,0
1,HLASDAIINENYDYLKGFLEDLAPPER-K16-156,sp|P52948|NUP98_HUMAN,-,monolink,monolink,AvA_1211_5_3_1.10635.10635.5_AvA_1211_5_3_1.10614.10614.5,1668,n/a,-,AvA_1211_5_3_1_matched,,3258.608,652.729,5,-0.2,0.2,6,9.67,1.19,1.19,0.06,0.3,0.33,0.33,0,0.06,219,0,4.3,0.27,30.4,0
1,LIRPEYAWIVQPVSGAVYDRPGASPKRNHDGECTAAPTNR-K26-156,sp|Q12769|NU160_HUMAN,-,monolink,monolink,AvA_1211_5_3_1.08328.08328.5_AvA_1211_5_3_1.08396.08396.5,1159,n/a,-,AvA_1211_5_3_1_matched,,4604.301,921.868,5,0.6,0.6,5,11.4,1.05,1.05,0.12,0.23,0.41,0.41,0,0.05,110,0,3.2,0.23,30.29,0
1,TLPLCVIGGDHKLLFWVTEV-K12-155,sp|Q8NFH4|NUP37_HUMAN,-,monolink,monolink,AvA_1211_5_3_1.10754.10754.3_AvA_1211_5_3_1.10745.10745.3,318,n/a,-,AvA_1211_5_3_1_matched,,2451.329,818.118,3,1.6,1.6,1,8.45,1.65,1.65,0.16,0.08,0.22,0.22,0,0.06,519,0,7.6,0.23,28.79,0
1,ACMEEMHQVAIAAKDPANGR-K14-156,sp|Q9BW27|NUP85_HUMAN,-,monolink,monolink,AvA_1211_5_3_2.07480.07480.4_AvA_1211_5_3_2.07460.07460.4,124,n/a,-,AvA_1211_5_3_2_matched,,2354.079,589.528,4,-1.1,1.1,1,8.7,1.78,1.78,0.08,0.25,0.28,0.28,0,0.07,268,0,9.1,0,28.31,0
1,IFTLKPVRKELTSSGGPTK-K9-156,sp|Q96EE3|SEH1_HUMAN,-,monolink,monolink,AvA_1211_5_3_2.07199.07199.4_AvA_1211_5_3_2.07159.07159.4,255,n/a,-,AvA_1211_5_3_2_matched,,2214.26,554.573,4,-0.9,0.9,1,8.76,1,1,0.06,0.35,0.26,0.26,0,0.07,106,0,4.7,0.93,27.73,0
1,QRKPDEDMK-K3-156,sp|P52948|NUP98_HUMAN,-,monolink,monolink,AvA_1211_5_3_2.04253.04253.3_AvA_1211_5_3_2.04188.04188.3,1207,n/a,-,AvA_1211_5_3_2_matched,,1301.625,434.883,3,-2.5,2.5,5,8.26,1.8,1.8,0.17,0.33,0.21,0.21,0,0.12,140,0,13,0,27.67,0
1,KLFNESHGIFLGLQR-K1-156,sp|Q9BW27|NUP85_HUMAN,-,monolink,monolink,AvA_1211_5_3_2.09437.09437.3_AvA_1211_5_3_2.09407.09407.3,70,n/a,-,AvA_1211_5_3_2_matched,,1914.034,639.019,3,-1.3,1.3,1,8.22,1.63,1.63,0.16,0.31,0.18,0.18,0,0.06,196,0,12.2,0.32,27.46,0
1,LFTSDLQDKNEYKVLEGHTDFINGLVFDPK-K13-156,sp|Q8NFH4|NUP37_HUMAN,-,monolink,monolink,AvA_1211_5_3_2.09764.09764.4_AvA_1211_5_3_2.09761.09761.4,118,n/a,-,AvA_1211_5_3_2_matched,,3637.84,910.468,4,5.7,5.7,1,8.24,1.8,1.8,0.18,0.03,0.29,0.29,0,0.05,497,0,2.2,0.23,26.86,0
1,IYEAPDVMNLSQWSLQHEISCKLSCSCISWNPSSSR-K22-156,sp|Q96EE3|SEH1_HUMAN,-,monolink,monolink,AvA_1211_5_3_1.10198.10198.3_AvA_1211_5_3_1.10178.10178.3,162,n/a,-,AvA_1211_5_3_1_matched,,4425.02,1476.015,3,0.7,0.7,1,8.66,0.68,0.68,0.14,0.12,0.33,0.33,0,0.05,331,0,2.8,0,26.49,0
1,LWKEEEDGQWKEEQKLEAHSDWVR-K3-156,sp|P55735|SEC13_HUMAN,-,monolink,monolink,AvA_1211_5_3_1.07684.07684.4_AvA_1211_5_3_1.07852.07852.4,195,n/a,-,AvA_1211_5_3_1_matched,,3210.533,803.641,4,2.2,2.2,3,8.15,1.33,1.33,0.09,0.21,0.16,0.16,0,0.03,291,0,2.4,0.89,26.42,0
1,EDAKEDHERTHQMVLLR-K4-156,sp|P57740|NU107_HUMAN,-,monolink,monolink,AvA_1211_5_3_1.05913.05913.4_AvA_1211_5_3_1.05875.05875.4,837,n/a,-,AvA_1211_5_3_1_matched,,2262.103,566.534,4,-1.5,1.5,4,7.98,2.04,2.04,0.09,0.24,0.18,0.18,0,0.05,255,0,6.7,0.21,26.33,0
1,AASLMNIPSTSSWSVPPPLTSVFTMPSPAPEVPLKTVGTR-K35-156,sp|P52948|NUP98_HUMAN,-,monolink,monolink,AvA_1211_5_3_2.10627.10627.4_AvA_1211_5_3_2.10644.10644.4,1107,n/a,-,AvA_1211_5_3_2_matched,,4306.231,1077.566,4,1,1,1,8.45,1.11,1.11,0.16,0.14,0.43,0.43,0,0.05,310,0,0.9,0.36,26.26,0
1,YAKAETLMTVTDPVHDIAFAPNLGR-K3-156,sp|Q96EE3|SEH1_HUMAN,-,monolink,monolink,AvA_1211_5_3_2.09872.09872.4_AvA_1211_5_3_2.09857.09857.4,211,n/a,-,AvA_1211_5_3_2_matched,,2885.463,722.373,4,-0.3,0.3,2,7.15,1.31,1.31,0.05,0.16,0.3,0.3,0,0.06,394,0,4.2,0,25.43,0
1,TCIFKHHLDLGHNSQAYEALTQIPDSSR-K5-155,sp|Q12769|NU160_HUMAN,-,monolink,monolink,AvA_1211_5_3_2.08228.08228.5_AvA_1211_5_3_2.08265.08265.5,1006,n/a,-,AvA_1211_5_3_2_matched,,3392.655,679.539,5,-1.1,1.1,1,7.93,1.5,1.5,0.06,0.18,0.4,0.4,0,0.07,231,0,2.3,0.31,24.79,0
1,LPSKADTSQEICSPR-K4-156,sp|P52948|NUP98_HUMAN,-,monolink,monolink,AvA_1211_5_3_2.06668.06668.3_AvA_1211_5_3_2.06640.06640.3,1019,n/a,-,AvA_1211_5_3_2_matched,,1843.897,615.64,3,-1,1,2,6.93,1.98,1.98,0.09,0.17,0.16,0.16,0,0.05,353,0,14,0,24.53,0
1,KINNAHTIGCNAVSWAPAVVPGSLIDHPSGQKPNYIK-K32-156,sp|P55735|SEC13_HUMAN,-,monolink,monolink,AvA_1211_5_3_2.08983.08983.5_AvA_1211_5_3_2.08982.08982.5,175,n/a,-,AvA_1211_5_3_2_matched,,4109.115,822.831,5,-0.3,0.3,1,6.26,1.27,1.27,0.16,0.19,0.48,0.48,0,0.07,283,0,0.7,0.33,22.66,0
1,AATLEGWKLYHDPNVNGGTELEPVEGNPYRR-K8-155,sp|P57740|NU107_HUMAN,-,monolink,monolink,AvA_1211_5_3_2.08524.08524.4_AvA_1211_5_3_2.08529.08529.4,382,n/a,-,AvA_1211_5_3_2_matched,,3636.802,910.208,4,1.1,1.1,1,5.74,0.8,0.8,0.16,0.19,0.42,0.42,0,0.07,259,0,2.5,0.31,21.39,0
1,KINNAHTIGCNAVSWAPAVVPGSLIDHPSGQKPNYIK-K37-156,sp|P55735|SEC13_HUMAN,-,monolink,monolink,AvA_1211_5_3_1.08947.08947.5_AvA_1211_5_3_1.08897.08897.5,180,n/a,-,AvA_1211_5_3_1_matched,,4109.112,822.83,5,-0.9,0.9,1,7.58,1.33,1.33,0.17,0.06,0.27,0.27,0,0.04,186,0,1.3,0.29,20.51,0
1,FCTSAADMKIRLFTSDLQDKNEYK-K24-156,sp|Q8NFH4|NUP37_HUMAN,-,monolink,monolink,AvA_1211_5_3_2.07917.07917.4_AvA_1211_5_3_2.07828.07828.4,118,n/a,-,AvA_1211_5_3_2_matched,,3036.455,760.122,4,-0.7,0.7,1,6.3,1.56,1.56,0.17,0.18,0.17,0.17,0,0.03,169,0,4.1,0.38,20.21,0
1,VGWGPNWTLANSGEQLNGSHELENHQIADSMEFGFLPNPVAVKPLTESPFK-K43-156,sp|P52948|NUP98_HUMAN,-,monolink,monolink,AvA_1211_5_3_1.10239.10239.4_AvA_1211_5_3_1.10240.10240.4,1187,n/a,-,AvA_1211_5_3_1_matched,,5744.799,1437.208,4,1.8,1.8,1,4.49,1.35,1.35,0.22,0.03,0.39,0.39,0,0.04,448,0,0.9,0.18,18.53,0
1,VLEGHTDFINGLVFDPKEGQEIASVSDDHTCR-K17-156,sp|Q8NFH4|NUP37_HUMAN,-,monolink,monolink,AvA_1211_5_3_2.09263.09263.4_AvA_1211_5_3_2.09509.09509.4,135,n/a,-,AvA_1211_5_3_2_matched,,3740.78,936.203,4,4.5,4.5,1,4.47,0.9,0.9,0.11,0.15,0.17,0.17,0,0.03,236,0,1,0.33,16.84,0
1,KVSSLFGILSPSSDLTLSSVLWDRER-K1-156,sp|Q8WUM0|NU133_HUMAN,-,monolink,monolink,AvA_1211_5_3_2.10598.10598.4_AvA_1211_5_3_2.10594.10594.4,258,n/a,-,AvA_1211_5_3_2_matched,,3047.61,762.91,4,-2.7,2.7,1,4.07,0.87,0.87,0.1,0.2,0.2,0.2,0,0.04,138,0,1.8,0.39,15.47,0
1,NNRLGSALSWSIRAKDAAFATLVSDR-K15-156,sp|Q9BW27|NUP85_HUMAN,-,monolink,monolink,AvA_1211_5_3_1.05547.05547.6_AvA_1211_5_3_1.06423.06423.6,494,n/a,-,AvA_1211_5_3_1_matched,,2974.559,496.768,6,-1.3,1.3,2,4.47,0.31,0.31,0.03,0.25,0.03,0.03,0,0.01,20,0,1.8,0.91,14.61,0
1,LWKEEEDGQWKEEQKLEAHSDWVR-K15-155,sp|P55735|SEC13_HUMAN,-,monolink,monolink,AvA_1211_5_3_2.07651.07651.4_AvA_1211_5_3_2.07335.07335.4,207,n/a,-,AvA_1211_5_3_2_matched,,3209.533,803.391,4,-3.2,3.2,1,2.86,1.11,1.11,0.05,0.08,0.1,0.1,0,0.02,340,0,1.2,0,13.91,0
1,MNLTQLYGSNTAGYIVCRGVHKIASTR-K22-156,sp|Q12769|NU160_HUMAN,-,monolink,monolink,AvA_1211_5_3_2.09767.09767.4_AvA_1211_5_3_2.08888.08888.4,722,n/a,-,AvA_1211_5_3_2_matched,,3165.614,792.411,4,2.3,2.3,1,2.99,0.98,0.98,0.12,0.05,0.07,0.07,0,0.01,256,0,0.6,0.79,12.07,0.043
1,RPVHGESDTEQLQDDDIETTKVEMLR-K21-156,sp|Q9BW27|NUP85_HUMAN,-,monolink,monolink,AvA_1211_5_2_1.07909.07909.4_AvA_1211_5_2_1.07891.07891.4,631,n/a,-,AvA_1211_5_2_1_matched,,3196.517,800.137,4,-0.8,0.8,8,11.48,3.62,3.62,0.25,0.31,0.4,0.4,0,0.08,738,0,8,0,44.09,0
1,RPVHGESDTEQLQDDDIETTKVEMLR-K21-155,sp|Q9BW27|NUP85_HUMAN,-,monolink,monolink,AvA_1211_5_2_2.07366.07366.3_AvA_1211_5_2_2.07344.07344.3,631,n/a,-,AvA_1211_5_2_2_matched,,3195.534,1066.186,3,-0.9,0.9,2,9.28,2.8,2.8,0.29,0.21,0.42,0.42,0,0.08,776,0,9.2,0.1,38.47,0
1,AHEAEMWEVHFHPSNPEHLFTCSEDGSLWHWDASTDVPEKSSLFHQGGR-K40-156,sp|Q8NFH3|NUP43_HUMAN,-,monolink,monolink,AvA_1211_5_2_1.08347.08347.6_AvA_1211_5_2_1.08328.08328.6,298,n/a,-,AvA_1211_5_2_1_matched,,5869.607,979.276,6,1,1,2,10.92,3.28,3.28,0.2,0.24,0.28,0.28,0,0.03,524,0,1.7,0,36.92,0
1,TCIFKHHLDLGHNSQAYEALTQIPDSSR-K5-156,sp|Q12769|NU160_HUMAN,-,monolink,monolink,AvA_1211_5_2_2.07691.07691.4_AvA_1211_5_2_2.07670.07670.4,1006,n/a,-,AvA_1211_5_2_2_matched,,3393.642,849.418,4,0.3,0.3,3,9.92,2.37,2.37,0.21,0.12,0.53,0.53,0,0.1,682,0,7,0,36.08,0
1,RPVHGESDTEQLQDDDIETTKVEMLRLSLAR-K21-156,sp|Q9BW27|NUP85_HUMAN,-,monolink,monolink,AvA_1211_5_2_2.07343.07343.4_AvA_1211_5_2_2.07319.07319.4,631,n/a,-,AvA_1211_5_2_2_matched,,3736.858,935.222,4,0.2,0.2,2,10.96,1.86,1.86,0.1,0.28,0.28,0.28,0,0.05,316,0,4.4,0.26,34.2,0
1,LIPESSGKIHQHILPQGQGMLSGIGR-K8-156,sp|Q8WUM0|NU133_HUMAN,-,monolink,monolink,AvA_1211_5_2_1.07543.07543.4_AvA_1211_5_2_1.07521.07521.4,239,n/a,-,AvA_1211_5_2_1_matched,,2908.561,728.148,4,0.6,0.6,2,11.51,1.49,1.49,0.21,0.25,0.45,0.45,0,0.09,238,0,7.7,0.36,33.99,0
1,LIRPEYAWIVQPVSGAVYDRPGASPKR-K26-156,sp|Q12769|NU160_HUMAN,-,monolink,monolink,AvA_1211_5_2_2.08167.08167.4_AvA_1211_5_2_2.08169.08169.4,1159,n/a,-,AvA_1211_5_2_2_matched,,3180.706,796.184,4,-0.6,0.6,2,11.5,1.3,1.3,0.19,0.24,0.58,0.58,0,0.11,238,0,5.8,0.26,33.85,0
1,LIRPEYAWIVQPVSGAVYDRPGASPKRNHDGECTAAPTNR-K26-156,sp|Q12769|NU160_HUMAN,-,monolink,monolink,AvA_1211_5_2_2.07502.07502.6_AvA_1211_5_2_2.07460.07460.6,1159,n/a,-,AvA_1211_5_2_2_matched,,4604.303,768.392,6,1,1,5,9.95,0.57,0.57,0.08,0.31,0.21,0.21,0,0.03,85,0,3.4,0.32,28.2,0
1,LKHSTVHVDELCPLIVPNLGVAVIHDYADWVK-K2-156,sp|P52948|NUP98_HUMAN,-,monolink,monolink,AvA_1211_5_2_2.09013.09013.5_AvA_1211_5_2_2.09012.09012.5,1224,n/a,-,AvA_1211_5_2_2_matched,,3792.998,759.607,5,1.8,1.8,1,9.92,0.88,0.88,0.18,0.25,0.16,0.16,0,0.02,72,0,6.6,0.31,27,0
1,IDEELTGKSRKSQLVR-K8-156,sp|Q9BW27|NUP85_HUMAN,-,monolink,monolink,AvA_1211_5_2_2.04879.04879.3_AvA_1211_5_2_2.04852.04852.3,92,n/a,-,AvA_1211_5_2_2_matched,,2014.109,672.377,3,1.3,1.3,1,7.87,1.32,1.32,0.16,0.11,0.23,0.23,0,0.07,255,0,3.1,0.91,23.73,0
1,VGWGPNWTLANSGEQLNGSHELENHQIADSMEFGFLPNPVAVKPLTESPFK-K43-155,sp|P52948|NUP98_HUMAN,-,monolink,monolink,AvA_1211_5_2_2.09033.09033.4_AvA_1211_5_2_2.09021.09021.4,1187,n/a,-,AvA_1211_5_2_2_matched,,5743.804,1436.959,4,-0.4,0.4,1,4.07,1.84,1.84,0.23,0.06,0.29,0.29,0,0.03,477,0,0.6,0.18,18.75,0
1,GKLLSQPISQHGQLANFLQAHEHLSWLHEINSQELEK-K2-156,sp|Q8WUM0|NU133_HUMAN,-,monolink,monolink,AvA_1211_5_2_1.08304.08304.5_AvA_1211_5_2_1.08305.08305.5,913,n/a,-,AvA_1211_5_2_1_matched,,4415.278,884.063,5,2.7,2.7,1,4.39,0.61,0.61,0.02,0.25,0.1,0.1,0,0.01,102,0,1.2,0.45,15.92,0