Rank,Id,Protein1,Protein2,Type,XLType,Spectrum,AbsPos1,AbsPos2,deltaAA,Annotation,Smallest_dist[euklid],Mr,Mz,z,Error_rel[ppm],Error_abs[ppm],nseen,MatchOdds,wmatchoddssum,wmatchoddsmean,Xcorrx,Xcorrb,TIC,TicA,TicB,WTIC,intsum,lApS,seriesscore,deltaS,ld-Score,fdr,xlinker,source
1,KYEMDFGIWKGHLDALTADVK-MATCSSDQSVKVWDK-a10-b11,sp|P57740|NU107_HUMAN,sp|Q96EE3|SEH1_HUMAN,xlink,inter-protein xl,AvA_1211_5_1_1.06704.06704.6_AvA_1211_5_1_1.06694.06694.6,803,37,766,AvA_1211_5_1_1_matched,,4315.047,720.182,6,-4,4,1,3.5,0.79,1.58,0.03,0.28,0.08,0.02,0.05,0.02,128,-0.00067,1.4,0,15.53,0,,InterProtein_Xlinks.csv
1,LPSKADTSQEICSPR-AKDAAFATLVSDR-a4-b2,sp|P52948|NUP98_HUMAN,sp|Q9BW27|NUP85_HUMAN,xlink,inter-protein xl,AvA_1211_5_4_1.08431.08431.3_AvA_1211_5_4_1.08408.08408.3,1019,494,525,AvA_1211_5_4_1_matched,,3189.595,1064.206,3,-0.7,0.7,2,8.49,3.29,6.59,0.23,0.28,0.39,0.26,0.13,0.07,924,-0.00124,24.8,0,40.72,0,,InterProtein_Xlinks.csv
1,KAGTVMFEYGMR-LAQSDMAKR-a1-b8,sp|Q12769|NU160_HUMAN,sp|P52948|NUP98_HUMAN,xlink,inter-protein xl,AvA_1211_5_4_1.07750.07750.4_AvA_1211_5_4_1.07731.07731.4,1096,1749,653,AvA_1211_5_4_1_matched,,2545.249,637.32,4,-0.2,0.2,4,10.07,2.88,5.76,0.24,0.33,0.42,0.33,0.09,0.07,605,-0.00179,24.1,0.75,39.35,0,,InterProtein_Xlinks.csv
1,KAGTVMFEYGMR-DRLAQSDMAKR-a1-b10,sp|Q12769|NU160_HUMAN,sp|P52948|NUP98_HUMAN,xlink,inter-protein xl,AvA_1211_5_4_2.07615.07615.5_AvA_1211_5_4_2.07594.07594.5,1096,1749,653,AvA_1211_5_4_2_matched,,2816.376,564.283,5,-0.3,0.3,3,8.6,2.02,4.04,0.13,0.31,0.53,0.48,0.05,0.09,576,-0.00179,14.9,0.41,35.43,0,,InterProtein_Xlinks.csv
1,LPSKADTSQEICSPR-LTFLGKYR-a4-b6,sp|P52948|NUP98_HUMAN,sp|Q9BW27|NUP85_HUMAN,xlink,inter-protein xl,AvA_1211_5_4_1.08448.08448.4_AvA_1211_5_4_1.08410.08410.4,1019,540,479,AvA_1211_5_4_1_matched,,2822.463,706.623,4,-0.4,0.4,1,9.87,1.58,3.16,0.22,0.33,0.56,0.15,0.41,0.13,320,-0.00124,20.1,0.25,34.51,0,,InterProtein_Xlinks.csv
1,DVICLIKCLR-AVKEER-a7-b3,sp|Q12769|NU160_HUMAN,sp|Q8WYP5|ELYS_HUMAN,xlink,inter-protein xl,AvA_1211_5_4_2.06480.06480.4_AvA_1211_5_4_2.06439.06439.4,608,1992,1384,AvA_1211_5_4_2_matched,,2157.162,540.298,4,-1.5,1.5,2,5.09,0.69,1.38,0.16,0.06,0.44,0.43,0.01,0.07,161,-0.00359,5.2,0.81,15.57,-0.048,,InterProtein_Xlinks.csv
1,WLSKSR-YFAKKK-a4-b5,sp|P57740|NU107_HUMAN,sp|Q8WUM0|NU133_HUMAN,xlink,inter-protein xl,AvA_1211_5_4_1.11619.11619.3_AvA_1211_5_4_1.11618.11618.3,537,967,430,AvA_1211_5_4_1_matched,,1696.975,566.666,3,5,5,1,5.29,0.42,0.84,0.16,0.17,0.05,0.05,0,0.01,27,-0.00168,12.5,0.6,15,0,,InterProtein_Xlinks.csv
1,LTFLGKYR-KQGAQFK-a6-b1,sp|Q9BW27|NUP85_HUMAN,sp|P52948|NUP98_HUMAN,xlink,inter-protein xl,AvA_1211_5_4_2.11893.11893.3_AvA_1211_5_4_2.11886.11886.3,540,858,318,AvA_1211_5_4_2_matched,,1940.086,647.703,3,-1.3,1.3,2,3.26,0.71,1.43,0.12,0.28,0.08,0.01,0.07,0.02,113,-0.00124,4.9,0.94,14.99,0,,InterProtein_Xlinks.csv
1,EKSEMVPSCPFIYIIR-QKNTSNK-a2-b2,sp|Q9BW27|NUP85_HUMAN,sp|Q8WYP5|ELYS_HUMAN,xlink,inter-protein xl,AvA_1211_5_4_1.05005.05005.4_AvA_1211_5_4_1.04985.04985.4,44,2163,2119,AvA_1211_5_4_1_matched,,2924.492,732.131,4,4.9,4.9,1,4.07,1.39,2.78,0.12,0.04,0.1,0.06,0.03,0.02,304,-0.00248,3.9,0.95,14.9,0,,InterProtein_Xlinks.csv
1,KSQLVRVSKNYR-ANEYDFKK-a9-b7,sp|Q9BW27|NUP85_HUMAN,sp|Q8WUM0|NU133_HUMAN,xlink,inter-protein xl,AvA_1211_5_4_2.03529.03529.6_AvA_1211_5_4_2.03481.03481.6,103,1049,946,AvA_1211_5_4_2_matched,,2628.4,439.074,6,-1,1,1,3.59,0.7,1.39,0.08,0.29,0.04,0.03,0.01,0.01,69,-0.00092,2.2,0.9,14.84,-0.04,,InterProtein_Xlinks.csv
1,AGMTEEAQRLCKR-KLAIER-a12-b1,sp|P57740|NU107_HUMAN,sp|Q8WYP5|ELYS_HUMAN,xlink,inter-protein xl,AvA_1211_5_4_2.03798.03798.4_AvA_1211_5_4_2.03786.03786.4,367,1010,643,AvA_1211_5_4_2_matched,,2415.281,604.828,4,3.6,3.6,1,3.29,0.66,1.33,0.09,0.22,0.04,0.04,0,0.01,175,-0.00453,3.7,0.88,14.66,-0.077,,InterProtein_Xlinks.csv
1,KAGTVMFEYGMR-LAQSDMAKR-a1-b8,sp|Q12769|NU160_HUMAN,sp|P52948|NUP98_HUMAN,xlink,inter-protein xl,AvA_1211_5_2_1.06432.06432.4_AvA_1211_5_2_1.06416.06416.4,1096,1749,653,AvA_1211_5_2_1_matched,,2545.249,637.32,4,0.1,0.1,2,7.81,2.74,5.48,0.19,0.24,0.35,0.3,0.05,0.06,652,-0.00179,14.2,0.9,33.57,0,,InterProtein_Xlinks.csv
1,KAGTVMFEYGMR-DRLAQSDMAKR-a1-b10,sp|Q12769|NU160_HUMAN,sp|P52948|NUP98_HUMAN,xlink,inter-protein xl,AvA_1211_5_2_1.06274.06274.5_AvA_1211_5_2_1.06252.06252.5,1096,1749,653,AvA_1211_5_2_1_matched,,2816.374,564.283,5,-1.1,1.1,1,7.18,1.75,3.5,0.13,0.36,0.48,0.45,0.03,0.08,515,-0.00179,12.4,0.59,32.49,0,,InterProtein_Xlinks.csv
1,TAAVWEEIVGESNDKLR-ADHKEAVR-a15-b4,sp|Q96EE3|SEH1_HUMAN,sp|Q8NFH3|NUP43_HUMAN,xlink,inter-protein xl,AvA_1211_5_2_1.07683.07683.4_AvA_1211_5_2_1.07663.07663.4,96,161,65,AvA_1211_5_2_1_matched,,2978.51,745.635,4,0.2,0.2,3,8.38,1.95,3.89,0.26,0.26,0.61,0.61,0,0.08,461,-0.00006,14.3,0.32,31.98,0,,InterProtein_Xlinks.csv
1,RPVHGESDTEQLQDDDIETTKVEMLR-KLAIER-a21-b1,sp|Q9BW27|NUP85_HUMAN,sp|Q8WYP5|ELYS_HUMAN,xlink,inter-protein xl,AvA_1211_5_2_1.07176.07176.5_AvA_1211_5_2_1.07132.07132.5,631,1010,379,AvA_1211_5_2_1_matched,,3906.966,782.401,5,0.8,0.8,2,5.29,1.4,2.8,0.07,0.34,0.19,0.18,0.01,0.02,608,-0.00248,3.3,0.45,29.15,0,,InterProtein_Xlinks.csv
1,KAGTVMFEYGMR-LAQSDMAKR-a1-b8,sp|Q12769|NU160_HUMAN,sp|P52948|NUP98_HUMAN,xlink,inter-protein xl,AvA_1211_5_3_1.07237.07237.3_AvA_1211_5_3_1.07216.07216.3,1096,1749,653,AvA_1211_5_3_1_matched,,2545.247,849.423,3,-1,1,3,11.44,3.2,6.39,0.31,0.3,0.45,0.25,0.2,0.08,739,-0.00179,51.6,0.6,44,0,,InterProtein_Xlinks.csv
1,GHLDALTADVKEK-KKTLLGLSK-a11-b2,sp|P57740|NU107_HUMAN,sp|Q8WUM0|NU133_HUMAN,xlink,inter-protein xl,AvA_1211_5_3_2.07389.07389.4_AvA_1211_5_3_2.07368.07368.4,814,968,154,AvA_1211_5_3_2_matched,,2520.449,631.12,4,-1.5,1.5,2,9.99,3.28,6.55,0.24,0.3,0.39,0.31,0.08,0.07,604,-0.00168,26.5,0.43,38.37,0,,InterProtein_Xlinks.csv
1,KAGTVMFEYGMR-DRLAQSDMAKR-a1-b10,sp|Q12769|NU160_HUMAN,sp|P52948|NUP98_HUMAN,xlink,inter-protein xl,AvA_1211_5_3_2.07133.07133.5_AvA_1211_5_3_2.07113.07113.5,1096,1749,653,AvA_1211_5_3_2_matched,,2816.375,564.283,5,-0.6,0.6,3,8.53,1.88,3.76,0.15,0.36,0.51,0.5,0.01,0.09,472,-0.00179,18.6,0.46,34.46,0,,InterProtein_Xlinks.csv
1,RPVHGESDTEQLQDDDIETTKVEMLR-KLAIER-a21-b1,sp|Q9BW27|NUP85_HUMAN,sp|Q8WYP5|ELYS_HUMAN,xlink,inter-protein xl,AvA_1211_5_3_2.08060.08060.5_AvA_1211_5_3_2.08043.08043.5,631,1010,379,AvA_1211_5_3_2_matched,,3906.963,782.401,5,0,0,2,8.01,1.55,3.09,0.16,0.36,0.3,0.28,0.03,0.04,413,-0.00248,11.8,0.34,31.77,0,,InterProtein_Xlinks.csv
1,TAAVWEEIVGESNDKLR-ADHKEAVR-a15-b4,sp|Q96EE3|SEH1_HUMAN,sp|Q8NFH3|NUP43_HUMAN,xlink,inter-protein xl,AvA_1211_5_3_1.08559.08559.5_AvA_1211_5_3_1.08632.08632.5,96,161,65,AvA_1211_5_3_1_matched,,2978.51,596.71,5,-0.1,0.1,2,8.59,0.8,1.59,0.16,0.35,0.72,0.72,0,0.1,219,-0.00006,7.4,0,30.01,0,,InterProtein_Xlinks.csv
1,QMLSKEADASPASAGICR-LPSKADTSQEICSPR-a5-b4,sp|Q9BW27|NUP85_HUMAN,sp|P52948|NUP98_HUMAN,xlink,inter-protein xl,AvA_1211_5_3_1.06700.06700.4_AvA_1211_5_3_1.06673.06673.4,218,1019,801,AvA_1211_5_3_1_matched,,3716.784,930.204,4,0.8,0.8,1,6.45,1.78,3.57,0.03,0.26,0.35,0.23,0.13,0.06,451,-0.00124,11.2,0.54,27.27,0,,InterProtein_Xlinks.csv
1,LPISASHSSKTR-LTFLGKYR-a10-b6,sp|P52948|NUP98_HUMAN,sp|Q9BW27|NUP85_HUMAN,xlink,inter-protein xl,AvA_1211_5_3_1.06907.06907.4_AvA_1211_5_3_1.06912.06912.4,1040,540,500,AvA_1211_5_3_1_matched,,2417.339,605.343,4,-1.8,1.8,1,6.6,1.24,2.48,0.16,0.24,0.49,0.07,0.41,0.1,200,-0.00124,11.2,0.76,23.39,0,,InterProtein_Xlinks.csv
1,LPSKADTSQEICSPR-AKDAAFATLVSDR-a4-b2,sp|P52948|NUP98_HUMAN,sp|Q9BW27|NUP85_HUMAN,xlink,inter-protein xl,AvA_1211_5_3_2.07923.07923.4_AvA_1211_5_3_2.07902.07902.4,1019,494,525,AvA_1211_5_3_2_matched,,3189.593,798.406,4,-1.4,1.4,1,5.08,2.08,4.16,0.06,0.11,0.11,0.04,0.08,0.02,581,-0.00124,7.8,0.44,23.31,0,,InterProtein_Xlinks.csv
1,KEERLKPTNPAAQK-LMVAEKNGTIR-a6-b6,sp|P52948|NUP98_HUMAN,sp|Q8NFH4|NUP37_HUMAN,xlink,inter-protein xl,AvA_1211_5_3_2.07437.07437.5_AvA_1211_5_3_2.07411.07411.5,534,186,348,AvA_1211_5_3_2_matched,,2977.651,596.538,5,4.3,4.3,1,5.47,0.88,1.76,0.13,0.31,0.25,0.03,0.22,0.05,183,-0.00038,2.8,0.75,21.64,0,,InterProtein_Xlinks.csv
1,SLVGGLLQSKFTSGAFLSPSVSVQECR-AKDAAFATLVSDR-a10-b2,sp|P52948|NUP98_HUMAN,sp|Q9BW27|NUP85_HUMAN,xlink,inter-protein xl,AvA_1211_5_3_2.10036.10036.4_AvA_1211_5_3_2.10040.10040.4,1052,494,558,AvA_1211_5_3_2_matched,,4355.246,1089.819,4,-0.4,0.4,1,5.25,1.26,2.51,0.06,0.13,0.33,0.22,0.1,0.06,391,-0.00124,13,0.32,21.13,0,,InterProtein_Xlinks.csv
1,INPSEDVGSKAVKEER-RANEYDFKK-a10-b8,sp|Q8WYP5|ELYS_HUMAN,sp|Q8WUM0|NU133_HUMAN,xlink,inter-protein xl,AvA_1211_5_3_1.06212.06212.5_AvA_1211_5_3_1.06195.06195.5,1989,1049,940,AvA_1211_5_3_1_matched,,3064.537,613.915,5,-3,3,1,5.58,1.17,2.34,0.12,0.16,0.34,0.08,0.26,0.08,216,-0.004,2.9,0.66,19.5,0,,InterProtein_Xlinks.csv
1,AGMTEEAQRLCKR-VVLTKEEFDR-a12-b5,sp|P57740|NU107_HUMAN,sp|Q8WYP5|ELYS_HUMAN,xlink,inter-protein xl,AvA_1211_5_3_1.06441.06441.5_AvA_1211_5_3_1.06452.06452.5,367,595,228,AvA_1211_5_3_1_matched,,2921.487,585.305,5,4.4,4.4,1,4.76,1.11,2.21,0.11,0.18,0.07,0.02,0.05,0.01,137,-0.00453,3.3,0.93,16.04,0,,InterProtein_Xlinks.csv
1,GLEKQGNCYLAALNCLR-LLKAAFLQYCR-a4-b3,sp|Q12769|NU160_HUMAN,sp|Q8WUM0|NU133_HUMAN,xlink,inter-protein xl,AvA_1211_5_3_1.05781.05781.5_AvA_1211_5_3_1.05778.05778.5,1120,523,597,AvA_1211_5_3_1_matched,,3498.787,700.765,5,-2,2,1,3.88,0.99,1.98,0.1,0.16,0.07,0.04,0.02,0.01,232,-0.00133,3.2,0.65,15.71,-0.067,,InterProtein_Xlinks.csv
1,SESGDWHCTASWKTHSGSVWR-GQSHWVKR-a13-b7,sp|Q96EE3|SEH1_HUMAN,sp|Q96EE3|SEH1_HUMAN,xlink,intra-protein xl,AvA_1211_5_1_1.05577.05577.5_AvA_1211_5_1_1.05562.05562.5,54,105,51,AvA_1211_5_1_1_matched,,3594.657,719.939,5,-0.7,0.7,1,7.38,1.2,2.4,0.13,0.2,0.28,0.19,0.09,0.05,274,-3.2622,7.5,0,24.73,0,,IntraProtein_Xlinks.csv
1,ANYVPALKLNQTLKINVMNDRDPR-SVFINNVLSKIGEVWASK-a8-b10,sp|Q8WYP5|ELYS_HUMAN,sp|Q8WYP5|ELYS_HUMAN,xlink,intra-protein xl,AvA_1211_5_1_2.08465.08465.5_AvA_1211_5_1_2.08484.08484.5,969,1061,92,AvA_1211_5_1_2_matched,,4910.651,983.138,5,0.5,0.5,1,1.49,0.31,0.63,0.06,0,0.05,0.04,0.02,0.01,63,-1.60977,0.4,0.82,4.3,0,,IntraProtein_Xlinks.csv
1,SESGDWHCTASWKTHSGSVWR-GQSHWVKR-a13-b7,sp|Q96EE3|SEH1_HUMAN,sp|Q96EE3|SEH1_HUMAN,xlink,intra-protein xl,AvA_1211_5_4_1.07121.07121.4_AvA_1211_5_4_1.07102.07102.4,54,105,51,AvA_1211_5_4_1_matched,,3594.65,899.67,4,-2.7,2.7,4,10.51,3.02,6.04,0.27,0.2,0.42,0.28,0.15,0.08,1025,-3.2622,20.1,0.71,45.13,0,,IntraProtein_Xlinks.csv
1,QRKPDEDMK-VHLEKLSLR-a3-b5,sp|P52948|NUP98_HUMAN,sp|P52948|NUP98_HUMAN,xlink,intra-protein xl,AvA_1211_5_4_2.06502.06502.5_AvA_1211_5_4_2.06481.06481.5,1207,1200,7,AvA_1211_5_4_2_matched,,2377.276,476.463,5,-1.4,1.4,5,10.69,4.33,8.66,0.14,0.46,0.41,0.2,0.21,0.07,573,-2.21183,37.3,0.71,42.51,0,,IntraProtein_Xlinks.csv
1,SIAADHKDLIHDVSFDFHGR-MATCSSDQSVKVWDK-a7-b11,sp|Q96EE3|SEH1_HUMAN,sp|Q96EE3|SEH1_HUMAN,xlink,intra-protein xl,AvA_1211_5_4_1.08969.08969.6_AvA_1211_5_4_1.08951.08951.6,12,37,25,AvA_1211_5_4_1_matched,,4157.953,694,6,-1.2,1.2,4,8.19,3,5.99,0.21,0.33,0.37,0.09,0.28,0.07,745,-3.2622,16.7,0,37.98,0,,IntraProtein_Xlinks.csv
1,VHLEKLSLR-KPDEDMK-a5-b1,sp|P52948|NUP98_HUMAN,sp|P52948|NUP98_HUMAN,xlink,intra-protein xl,AvA_1211_5_4_2.06932.06932.4_AvA_1211_5_4_2.06902.06902.4,1200,1207,7,AvA_1211_5_4_2_matched,,2093.115,524.287,4,-1.7,1.7,2,9.85,2.51,5.02,0.16,0.48,0.42,0.18,0.24,0.08,350,-2.21183,23,0.31,37.26,0,,IntraProtein_Xlinks.csv
1,NSILDQYGKILPR-KLAIER-a9-b1,sp|Q8WYP5|ELYS_HUMAN,sp|Q8WYP5|ELYS_HUMAN,xlink,intra-protein xl,AvA_1211_5_4_1.09509.09509.4_AvA_1211_5_4_1.09504.09504.4,1002,1010,8,AvA_1211_5_4_1_matched,,2382.364,596.599,4,0.3,0.3,1,9.35,2.73,5.47,0.27,0.39,0.54,0.48,0.06,0.08,479,-1.60977,34.4,0.48,37.16,0,,IntraProtein_Xlinks.csv
1,AKDAAFATLVSDR-LTFLGKYR-a2-b6,sp|Q9BW27|NUP85_HUMAN,sp|Q9BW27|NUP85_HUMAN,xlink,intra-protein xl,AvA_1211_5_4_1.09829.09829.4_AvA_1211_5_4_1.09813.09813.4,494,540,46,AvA_1211_5_4_1_matched,,2498.352,625.596,4,-0.3,0.3,2,10.11,3.13,6.26,0.22,0.33,0.44,0.36,0.08,0.07,451,-2.87975,21.1,0.77,36.59,0,,IntraProtein_Xlinks.csv
1,KFLASK-KHEAAK-a1-b1,sp|P57740|NU107_HUMAN,sp|P57740|NU107_HUMAN,xlink,intra-protein xl,AvA_1211_5_4_2.03795.03795.4_AvA_1211_5_4_2.03761.03761.4,698,704,6,AvA_1211_5_4_2_matched,,1512.864,379.224,4,-1.5,1.5,2,9.53,3.79,7.57,0.24,0.48,0.29,0.15,0.14,0.05,315,-2.35869,35.4,0.86,35.87,0,,IntraProtein_Xlinks.csv
1,KSQLVR-VSKNYR-a1-b3,sp|Q9BW27|NUP85_HUMAN,sp|Q9BW27|NUP85_HUMAN,xlink,intra-protein xl,AvA_1211_5_4_1.04727.04727.3_AvA_1211_5_4_1.04685.04685.3,95,103,8,AvA_1211_5_4_1_matched,,1632.929,545.318,3,-1.1,1.1,4,9.61,3.02,6.05,0.34,0.33,0.51,0.1,0.4,0.09,433,-2.87975,28.5,0.76,35.8,0,,IntraProtein_Xlinks.csv
1,KLFNESHGIFLGLQR-KSQLVR-a1-b1,sp|Q9BW27|NUP85_HUMAN,sp|Q9BW27|NUP85_HUMAN,xlink,intra-protein xl,AvA_1211_5_4_1.08892.08892.5_AvA_1211_5_4_1.08870.08870.5,70,95,25,AvA_1211_5_4_1_matched,,2625.473,526.102,5,-1,1,3,8.81,2.54,5.08,0.09,0.31,0.29,0.23,0.07,0.05,564,-2.87975,19.7,0.79,34.9,0,,IntraProtein_Xlinks.csv
1,IDEELTGKSR-VSKNYR-a8-b3,sp|Q9BW27|NUP85_HUMAN,sp|Q9BW27|NUP85_HUMAN,xlink,intra-protein xl,AvA_1211_5_4_1.05464.05464.3_AvA_1211_5_4_1.05441.05441.3,92,103,11,AvA_1211_5_4_1_matched,,2050.068,684.364,3,-1,1,3,10.02,1.59,3.19,0.28,0.33,0.59,0.57,0.02,0.09,295,-2.87975,23.8,0.82,34,0,,IntraProtein_Xlinks.csv
1,LLKDGIQLSEYLPEVK-ANEYDFKK-a3-b7,sp|Q8WUM0|NU133_HUMAN,sp|Q8WUM0|NU133_HUMAN,xlink,intra-protein xl,AvA_1211_5_4_1.09983.09983.4_AvA_1211_5_4_1.09967.09967.4,1110,1049,61,AvA_1211_5_4_1_matched,,2995.576,749.902,4,-1.2,1.2,2,8.15,2.74,5.49,0.28,0.13,0.37,0.33,0.04,0.06,756,-2.46632,6.7,0.41,33.91,0,,IntraProtein_Xlinks.csv
1,KLFNESHGIFLGLQR-VSKNYR-a1-b3,sp|Q9BW27|NUP85_HUMAN,sp|Q9BW27|NUP85_HUMAN,xlink,intra-protein xl,AvA_1211_5_4_2.08675.08675.5_AvA_1211_5_4_2.08647.08647.5,70,103,33,AvA_1211_5_4_2_matched,,2661.44,533.296,5,0.5,0.5,3,7.94,2.28,4.55,0.16,0.34,0.51,0.44,0.06,0.08,524,-2.87975,16,0.63,33.63,0,,IntraProtein_Xlinks.csv
1,IDEELTGKSRK-VSKNYR-a8-b3,sp|Q9BW27|NUP85_HUMAN,sp|Q9BW27|NUP85_HUMAN,xlink,intra-protein xl,AvA_1211_5_4_1.04978.04978.4_AvA_1211_5_4_1.04957.04957.4,92,103,11,AvA_1211_5_4_1_matched,,2178.161,545.548,4,-1.5,1.5,6,9.79,1.72,3.44,0.22,0.32,0.54,0.08,0.46,0.13,274,-2.87975,23,0.62,33.34,0,,IntraProtein_Xlinks.csv
1,AKDAAFATLVSDR-MYGEKR-a2-b5,sp|Q9BW27|NUP85_HUMAN,sp|Q9BW27|NUP85_HUMAN,xlink,intra-protein xl,AvA_1211_5_4_2.07953.07953.4_AvA_1211_5_4_2.07930.07930.4,494,551,57,AvA_1211_5_4_2_matched,,2284.149,572.045,4,-1.2,1.2,2,9.09,2.28,4.56,0.32,0.28,0.46,0.43,0.02,0.06,421,-2.87975,26.3,0.89,33.15,0,,IntraProtein_Xlinks.csv
1,AEALKQGNAIMR-EDAKEDHER-a5-b4,sp|P57740|NU107_HUMAN,sp|P57740|NU107_HUMAN,xlink,intra-protein xl,AvA_1211_5_4_1.05344.05344.3_AvA_1211_5_4_1.05321.05321.3,690,837,147,AvA_1211_5_4_1_matched,,2566.243,856.422,3,-0.6,0.6,2,9.16,1.99,3.97,0.25,0.29,0.34,0.23,0.11,0.06,392,-2.35869,23.8,0.65,32.66,0,,IntraProtein_Xlinks.csv
1,AKDAAFATLVSDR-SICKILAMK-a2-b4,sp|Q9BW27|NUP85_HUMAN,sp|Q9BW27|NUP85_HUMAN,xlink,intra-protein xl,AvA_1211_5_4_2.09767.09767.4_AvA_1211_5_4_2.09758.09758.4,494,471,23,AvA_1211_5_4_2_matched,,2564.368,642.1,4,-1.1,1.1,2,8.96,2.41,4.82,0.19,0.3,0.44,0.4,0.04,0.07,396,-2.87975,17.9,0.82,32.64,0,,IntraProtein_Xlinks.csv
1,QHEIVLKVAYPQADSNLR-YDNLEMEYLQKR-a7-b11,sp|Q8WUM0|NU133_HUMAN,sp|Q8WUM0|NU133_HUMAN,xlink,intra-protein xl,AvA_1211_5_4_1.09410.09410.5_AvA_1211_5_4_1.09389.09389.5,787,842,55,AvA_1211_5_4_1_matched,,3818.928,764.794,5,-0.4,0.4,3,7.52,1.94,3.87,0.13,0.36,0.42,0.39,0.04,0.07,497,-2.46632,8.9,0.42,32.55,0,,IntraProtein_Xlinks.csv
1,QMLSKEADASPASAGICR-IDEELTGKSR-a5-b8,sp|Q9BW27|NUP85_HUMAN,sp|Q9BW27|NUP85_HUMAN,xlink,intra-protein xl,AvA_1211_5_4_1.07082.07082.4_AvA_1211_5_4_1.07052.07052.4,218,92,126,AvA_1211_5_4_1_matched,,3175.542,794.893,4,-2,2,3,8.63,2.28,4.57,0.18,0.26,0.34,0.26,0.08,0.06,459,-2.87975,12.7,0.66,32.05,0,,IntraProtein_Xlinks.csv
1,LFTSDLQDKNEYK-FCTSAADMKIR-a9-b9,sp|Q8NFH4|NUP37_HUMAN,sp|Q8NFH4|NUP37_HUMAN,xlink,intra-protein xl,AvA_1211_5_4_2.08398.08398.5_AvA_1211_5_4_2.08379.08379.5,114,103,11,AvA_1211_5_4_2_matched,,3036.461,608.3,5,1.2,1.2,6,8.96,1.94,3.89,0.19,0.28,0.3,0.13,0.17,0.06,372,-3.90203,14.9,0.69,31.45,0,,IntraProtein_Xlinks.csv
1,KELTSSGGPTK-IFTLKPVR-a1-b5,sp|Q96EE3|SEH1_HUMAN,sp|Q96EE3|SEH1_HUMAN,xlink,intra-protein xl,AvA_1211_5_4_1.07650.07650.3_AvA_1211_5_4_1.07647.07647.3,255,251,4,AvA_1211_5_4_1_matched,,2214.26,739.094,3,-1.2,1.2,1,8.33,2.02,4.04,0.19,0.33,0.55,0.08,0.47,0.11,307,-3.2622,18.3,0.9,30.95,0,,IntraProtein_Xlinks.csv
1,QHEIVLKVAYPQADSNLR-ERYDNLEMEYLQKR-a7-b13,sp|Q8WUM0|NU133_HUMAN,sp|Q8WUM0|NU133_HUMAN,xlink,intra-protein xl,AvA_1211_5_4_2.09134.09134.4_AvA_1211_5_4_2.09097.09097.4,787,842,55,AvA_1211_5_4_2_matched,,4104.058,1027.022,4,-4,4,2,6.72,1.51,3.01,0.11,0.22,0.35,0.34,0.01,0.06,593,-2.46632,7.2,0.28,29.62,0,,IntraProtein_Xlinks.csv
1,ACMEEMHQVAIAAKDPANGR-KSQLVR-a14-b1,sp|Q9BW27|NUP85_HUMAN,sp|Q9BW27|NUP85_HUMAN,xlink,intra-protein xl,AvA_1211_5_4_1.07043.07043.4_AvA_1211_5_4_1.07027.07027.4,124,95,29,AvA_1211_5_4_1_matched,,3065.518,767.387,4,-0.9,0.9,1,6.83,1.95,3.89,0.18,0.18,0.36,0.32,0.03,0.05,614,-2.87975,8.2,0.52,29.56,0,,IntraProtein_Xlinks.csv
1,LPSKADTSQEICSPR-LPISASHSSKTR-a4-b10,sp|P52948|NUP98_HUMAN,sp|P52948|NUP98_HUMAN,xlink,intra-protein xl,AvA_1211_5_4_2.05957.05957.4_AvA_1211_5_4_2.05965.05965.4,1019,1040,21,AvA_1211_5_4_2_matched,,3108.58,778.153,4,-2.4,2.4,2,7.08,2.14,4.29,0.13,0.18,0.38,0.21,0.17,0.07,550,-2.21183,7.3,0.46,28.89,0,,IntraProtein_Xlinks.csv
1,LTFLGKYR-MYGEKR-a6-b5,sp|Q9BW27|NUP85_HUMAN,sp|Q9BW27|NUP85_HUMAN,xlink,intra-protein xl,AvA_1211_5_4_1.07904.07904.4_AvA_1211_5_4_1.07876.07876.4,540,551,11,AvA_1211_5_4_1_matched,,1917.015,480.262,4,-1.6,1.6,2,8.59,1.66,3.32,0.21,0.3,0.47,0.41,0.06,0.08,219,-2.87975,22.3,0.8,28.69,0,,IntraProtein_Xlinks.csv
1,AKPYHLSTSSVFR-KLAIER-a2-b1,sp|Q8WYP5|ELYS_HUMAN,sp|Q8WYP5|ELYS_HUMAN,xlink,intra-protein xl,AvA_1211_5_4_2.07471.07471.4_AvA_1211_5_4_2.07469.07469.4,1017,1010,7,AvA_1211_5_4_2_matched,,2358.304,590.584,4,-0.7,0.7,1,6.8,2.03,4.07,0.08,0.3,0.34,0.18,0.16,0.07,374,-1.60977,19.1,0.88,27.58,0,,IntraProtein_Xlinks.csv
1,RPVHGESDTEQLQDDDIETTKVEMLR-MYGEKR-a21-b5,sp|Q9BW27|NUP85_HUMAN,sp|Q9BW27|NUP85_HUMAN,xlink,intra-protein xl,AvA_1211_5_4_2.08185.08185.5_AvA_1211_5_4_2.08165.08165.5,631,551,80,AvA_1211_5_4_2_matched,,3960.878,793.183,5,-1.3,1.3,1,6.75,1.27,2.54,0.08,0.36,0.27,0.26,0.02,0.04,301,-2.87975,5,0.35,27.07,0,,IntraProtein_Xlinks.csv
1,ADHKEAVR-ADHKEAVR-a4-b4,sp|Q8NFH3|NUP43_HUMAN,sp|Q8NFH3|NUP43_HUMAN,xlink,intra-protein xl,AvA_1211_5_4_1.03210.03210.5_AvA_1211_5_4_1.03167.03167.5,161,161,0,AvA_1211_5_4_1_matched,,1987.021,398.412,5,-1.5,1.5,1,7.3,3.65,7.3,0.09,0.26,0.09,0.05,0.05,0.02,325,-4.485,9.4,0.95,26.31,0,,IntraProtein_Xlinks.csv
1,ACMEEMHQVAIAAKDPANGR-VSKNYR-a14-b3,sp|Q9BW27|NUP85_HUMAN,sp|Q9BW27|NUP85_HUMAN,xlink,intra-protein xl,AvA_1211_5_4_1.06750.06750.5_AvA_1211_5_4_1.06727.06727.5,124,103,21,AvA_1211_5_4_1_matched,,3101.482,621.304,5,-0.9,0.9,1,7.65,1.7,3.4,0.12,0.18,0.22,0.19,0.02,0.03,357,-2.87975,9.8,0.45,26.15,0,,IntraProtein_Xlinks.csv
1,SICKILAMK-MYGEKR-a4-b5,sp|Q9BW27|NUP85_HUMAN,sp|Q9BW27|NUP85_HUMAN,xlink,intra-protein xl,AvA_1211_5_4_2.07838.07838.4_AvA_1211_5_4_2.07819.07819.4,471,551,80,AvA_1211_5_4_2_matched,,1983.032,496.766,4,-1.8,1.8,1,5.97,1.28,2.56,0.11,0.33,0.18,0.14,0.05,0.03,99,-2.87975,13.4,0.84,21.21,-0.034,,IntraProtein_Xlinks.csv
1,IDEELTGKSR-VSKNYR-a8-b3,sp|Q9BW27|NUP85_HUMAN,sp|Q9BW27|NUP85_HUMAN,xlink,intra-protein xl,AvA_1211_5_2_1.04553.04553.4_AvA_1211_5_2_1.04537.04537.4,92,103,11,AvA_1211_5_2_1_matched,,2050.078,513.527,4,4.2,4.2,2,9.64,2.71,5.43,0.19,0.47,0.21,0.15,0.06,0.04,242,-2.87975,23.3,0.78,34.36,0,,IntraProtein_Xlinks.csv
1,SIAADHKDLIHDVSFDFHGR-MATCSSDQSVKVWDK-a7-b11,sp|Q96EE3|SEH1_HUMAN,sp|Q96EE3|SEH1_HUMAN,xlink,intra-protein xl,AvA_1211_5_2_2.07522.07522.5_AvA_1211_5_2_2.07526.07526.5,12,37,25,AvA_1211_5_2_2_matched,,4157.959,832.6,5,0.3,0.3,2,6.33,1.77,3.54,0.18,0.17,0.35,0.09,0.26,0.07,469,-3.2622,6.1,0.26,25.87,0,,IntraProtein_Xlinks.csv
1,SIAADHKDLIHDVSFDFHGRR-MATCSSDQSVKVWDK-a7-b11,sp|Q96EE3|SEH1_HUMAN,sp|Q96EE3|SEH1_HUMAN,xlink,intra-protein xl,AvA_1211_5_2_1.07169.07169.7_AvA_1211_5_2_1.07110.07110.7,12,37,25,AvA_1211_5_2_1_matched,,4314.051,617.301,7,-1.6,1.6,1,6.56,1.36,2.73,0.1,0.26,0.23,0.06,0.17,0.05,283,-3.2622,7.2,0.37,24.44,0,,IntraProtein_Xlinks.csv
1,ACMEEMHQVAIAAKDPANGR-KLFNESHGIFLGLQR-a14-b1,sp|Q9BW27|NUP85_HUMAN,sp|Q9BW27|NUP85_HUMAN,xlink,intra-protein xl,AvA_1211_5_2_2.07882.07882.5_AvA_1211_5_2_2.07879.07879.5,124,70,54,AvA_1211_5_2_2_matched,,4094.021,819.812,5,-1.8,1.8,1,5.14,0.9,1.8,0.14,0.21,0.33,0.26,0.07,0.06,223,-2.87975,3.3,0,19.59,0,,IntraProtein_Xlinks.csv
1,WIPGAADDSKLEVFTTPK-RQKFER-a10-b3,sp|Q8WYP5|ELYS_HUMAN,sp|Q8WYP5|ELYS_HUMAN,xlink,intra-protein xl,AvA_1211_5_2_1.05763.05763.6_AvA_1211_5_2_1.05669.05669.6,1251,709,542,AvA_1211_5_2_1_matched,,2974.562,496.768,6,2.5,2.5,1,3.99,0.74,1.48,-0.01,0.28,0.04,0.02,0.02,0.01,47,-1.60977,1.7,0.88,14.82,0,,IntraProtein_Xlinks.csv
1,RPVHGESDTEQLQDDDIETTKVEMLR-AKDAAFATLVSDR-a21-b2,sp|Q9BW27|NUP85_HUMAN,sp|Q9BW27|NUP85_HUMAN,xlink,intra-protein xl,AvA_1211_5_3_2.09029.09029.4_AvA_1211_5_3_2.09019.09019.4,631,494,137,AvA_1211_5_3_2_matched,,4542.222,1136.563,4,0.8,0.8,2,8.14,2.96,5.93,0.19,0.37,0.4,0.26,0.15,0.07,874,-2.87975,15.4,0.72,41.18,0,,IntraProtein_Xlinks.csv
1,SIAADHKDLIHDVSFDFHGR-MATCSSDQSVKVWDK-a7-b11,sp|Q96EE3|SEH1_HUMAN,sp|Q96EE3|SEH1_HUMAN,xlink,intra-protein xl,AvA_1211_5_3_2.08436.08436.6_AvA_1211_5_3_2.08416.08416.6,12,37,25,AvA_1211_5_3_2_matched,,4157.957,694.001,6,0,0,5,8.1,3.21,6.43,0.19,0.3,0.36,0.14,0.22,0.07,801,-3.2622,8.8,0.64,38.16,0,,IntraProtein_Xlinks.csv
1,ACMEEMHQVAIAAKDPANGR-KLFNESHGIFLGLQR-a14-b1,sp|Q9BW27|NUP85_HUMAN,sp|Q9BW27|NUP85_HUMAN,xlink,intra-protein xl,AvA_1211_5_3_2.08821.08821.4_AvA_1211_5_3_2.08819.08819.4,124,70,54,AvA_1211_5_3_2_matched,,4094.03,1024.515,4,0.2,0.2,3,9.98,1.75,3.49,0.21,0.3,0.41,0.25,0.16,0.07,431,-2.87975,16.2,0.24,35.38,0,,IntraProtein_Xlinks.csv
1,LPSKADTSQEICSPR-LPISASHSSKTR-a4-b10,sp|P52948|NUP98_HUMAN,sp|P52948|NUP98_HUMAN,xlink,intra-protein xl,AvA_1211_5_3_1.05480.05480.4_AvA_1211_5_3_1.05463.05463.4,1019,1040,21,AvA_1211_5_3_1_matched,,3108.581,778.153,4,-2.1,2.1,2,8.84,2.74,5.48,0.13,0.26,0.39,0.18,0.2,0.07,616,-2.21183,14.4,0.43,35.27,0,,IntraProtein_Xlinks.csv
1,QRKPDEDMK-VHLEKLSLR-a3-b5,sp|P52948|NUP98_HUMAN,sp|P52948|NUP98_HUMAN,xlink,intra-protein xl,AvA_1211_5_3_1.06014.06014.4_AvA_1211_5_3_1.05992.05992.4,1207,1200,7,AvA_1211_5_3_1_matched,,2377.275,595.327,4,-1.4,1.4,1,9.17,2.53,5.06,0.15,0.38,0.38,0.15,0.23,0.07,371,-2.21183,27.8,0.9,34.2,0,,IntraProtein_Xlinks.csv
1,AKDAAFATLVSDR-LTFLGKYR-a2-b6,sp|Q9BW27|NUP85_HUMAN,sp|Q9BW27|NUP85_HUMAN,xlink,intra-protein xl,AvA_1211_5_3_2.09193.09193.4_AvA_1211_5_3_2.09203.09203.4,494,540,46,AvA_1211_5_3_2_matched,,2498.352,625.596,4,-0.3,0.3,2,9.57,2.44,4.89,0.23,0.29,0.44,0.35,0.09,0.07,422,-2.87975,23.3,0.57,34.18,0,,IntraProtein_Xlinks.csv
1,IDEELTGKSR-VSKNYR-a8-b3,sp|Q9BW27|NUP85_HUMAN,sp|Q9BW27|NUP85_HUMAN,xlink,intra-protein xl,AvA_1211_5_3_2.05095.05095.3_AvA_1211_5_3_2.05065.05065.3,92,103,11,AvA_1211_5_3_2_matched,,2050.068,684.364,3,-0.6,0.6,4,9.19,1.46,2.93,0.31,0.41,0.54,0.52,0.02,0.08,288,-2.87975,28.3,0.67,33.89,0,,IntraProtein_Xlinks.csv
1,QHEIVLKVAYPQADSNLR-ERYDNLEMEYLQKR-a7-b13,sp|Q8WUM0|NU133_HUMAN,sp|Q8WUM0|NU133_HUMAN,xlink,intra-protein xl,AvA_1211_5_3_1.08457.08457.5_AvA_1211_5_3_1.08435.08435.5,787,842,55,AvA_1211_5_3_1_matched,,4104.075,821.823,5,0.2,0.2,1,8.02,1.69,3.37,0.08,0.35,0.45,0.41,0.04,0.07,510,-2.46632,16.9,0.35,33.62,0,,IntraProtein_Xlinks.csv
1,SESGDWHCTASWKTHSGSVWR-GQSHWVKR-a13-b7,sp|Q96EE3|SEH1_HUMAN,sp|Q96EE3|SEH1_HUMAN,xlink,intra-protein xl,AvA_1211_5_3_2.06693.06693.4_AvA_1211_5_3_2.06743.06743.4,54,105,51,AvA_1211_5_3_2_matched,,3594.658,899.672,4,-0.4,0.4,3,7.87,2.4,4.79,0.19,0.14,0.39,0.25,0.14,0.08,757,-3.2622,8.1,0.69,33.57,0,,IntraProtein_Xlinks.csv
1,VHLEKLSLR-KPDEDMK-a5-b1,sp|P52948|NUP98_HUMAN,sp|P52948|NUP98_HUMAN,xlink,intra-protein xl,AvA_1211_5_3_2.06470.06470.4_AvA_1211_5_3_2.06444.06444.4,1200,1207,7,AvA_1211_5_3_2_matched,,2093.118,524.287,4,-0.5,0.5,1,9.39,2.12,4.24,0.16,0.4,0.4,0.15,0.25,0.08,284,-2.21183,13.9,0.39,33.54,0,,IntraProtein_Xlinks.csv
1,AKDAAFATLVSDR-SICKILAMK-a2-b4,sp|Q9BW27|NUP85_HUMAN,sp|Q9BW27|NUP85_HUMAN,xlink,intra-protein xl,AvA_1211_5_3_2.09095.09095.4_AvA_1211_5_3_2.09091.09091.4,494,471,23,AvA_1211_5_3_2_matched,,2564.371,642.101,4,0.3,0.3,2,8.85,2.13,4.27,0.23,0.29,0.47,0.43,0.03,0.07,392,-2.87975,19.3,0.37,32.14,0,,IntraProtein_Xlinks.csv
1,LDSLPPVIKFCTSAADMK-LFTSDLQDKNEYK-a9-b9,sp|Q8NFH4|NUP37_HUMAN,sp|Q8NFH4|NUP37_HUMAN,xlink,intra-protein xl,AvA_1211_5_3_2.09360.09360.4_AvA_1211_5_3_2.09359.09359.4,94,114,20,AvA_1211_5_3_2_matched,,3729.859,933.473,4,1.9,1.9,4,9.46,1.16,2.32,0.21,0.3,0.29,0.27,0.03,0.05,186,-3.90203,10,0.39,29.56,0,,IntraProtein_Xlinks.csv
1,SIAADHKDLIHDVSFDFHGRR-MATCSSDQSVKVWDK-a7-b11,sp|Q96EE3|SEH1_HUMAN,sp|Q96EE3|SEH1_HUMAN,xlink,intra-protein xl,AvA_1211_5_3_2.08042.08042.4_AvA_1211_5_3_2.08019.08019.4,12,37,25,AvA_1211_5_3_2_matched,,4314.06,1079.523,4,0.2,0.2,2,6.71,2.6,5.19,0.23,0.14,0.32,0.1,0.22,0.06,632,-3.2622,6.6,0.36,29,0,,IntraProtein_Xlinks.csv
1,RPVHGESDTEQLQDDDIETTKVEMLR-MYGEKR-a21-b5,sp|Q9BW27|NUP85_HUMAN,sp|Q9BW27|NUP85_HUMAN,xlink,intra-protein xl,AvA_1211_5_3_2.07679.07679.5_AvA_1211_5_3_2.07692.07692.5,631,551,80,AvA_1211_5_3_2_matched,,3960.877,793.183,5,-1.5,1.5,1,7.87,1.47,2.94,0.12,0.22,0.32,0.3,0.02,0.04,410,-2.87975,5.7,0.44,28.51,0,,IntraProtein_Xlinks.csv
1,QHEIVLKVAYPQADSNLR-YDNLEMEYLQKR-a7-b11,sp|Q8WUM0|NU133_HUMAN,sp|Q8WUM0|NU133_HUMAN,xlink,intra-protein xl,AvA_1211_5_3_2.08792.08792.5_AvA_1211_5_3_2.08771.08771.5,787,842,55,AvA_1211_5_3_2_matched,,3818.932,764.794,5,0.6,0.6,3,6.09,1.4,2.81,0.07,0.37,0.37,0.35,0.02,0.06,416,-2.46632,7.6,0.45,28.28,0,,IntraProtein_Xlinks.csv
1,KSQLVR-VSKNYR-a1-b3,sp|Q9BW27|NUP85_HUMAN,sp|Q9BW27|NUP85_HUMAN,xlink,intra-protein xl,AvA_1211_5_3_1.04304.04304.3_AvA_1211_5_3_1.04264.04264.3,95,103,8,AvA_1211_5_3_1_matched,,1632.928,545.317,3,-1.6,1.6,1,6.27,2.88,5.75,0.19,0.24,0.29,0.07,0.23,0.05,513,-2.87975,14.6,0.71,27.94,0,,IntraProtein_Xlinks.csv
1,QMLSKEADASPASAGICR-KSQLVR-a5-b1,sp|Q9BW27|NUP85_HUMAN,sp|Q9BW27|NUP85_HUMAN,xlink,intra-protein xl,AvA_1211_5_3_1.06189.06189.4_AvA_1211_5_3_1.06171.06171.4,218,95,123,AvA_1211_5_3_1_matched,,2758.415,690.612,4,1.5,1.5,1,5.6,1.88,3.76,0.11,0.17,0.27,0.25,0.02,0.04,534,-2.87975,4.7,0.29,25,0,,IntraProtein_Xlinks.csv
1,LFTSDLQDKNEYK-FCTSAADMKIR-a9-b9,sp|Q8NFH4|NUP37_HUMAN,sp|Q8NFH4|NUP37_HUMAN,xlink,intra-protein xl,AvA_1211_5_3_1.07787.07787.5_AvA_1211_5_3_1.07768.07768.5,114,103,11,AvA_1211_5_3_1_matched,,3036.45,608.298,5,-2.2,2.2,1,6.94,1.71,3.41,0.16,0.17,0.33,0.16,0.17,0.06,358,-3.90203,8.7,0.71,24.99,0,,IntraProtein_Xlinks.csv
1,KELTSSGGPTKFEIHIVAQFDNHNSQVWR-K1-K11,sp|Q96EE3|SEH1_HUMAN,-,intralink,intralink,AvA_1211_5_1_1.07903.07903.4_AvA_1211_5_1_1.07921.07921.4,255,n/a,-,AvA_1211_5_1_1_matched,,3462.729,866.69,4,-0.8,0.8,2,5.85,1.61,1.61,0,0.23,0.09,0.09,0,0.02,219,0,13.9,0,20.62,0,,Loop_Xlinks.csv
1,ILQKLLKDGIQLSEYLPEVK-K4-K7,sp|Q8WUM0|NU133_HUMAN,-,intralink,intralink,AvA_1211_5_4_2.11565.11565.4_AvA_1211_5_4_2.11590.11590.4,1107,n/a,-,AvA_1211_5_4_2_matched,,2464.416,617.112,4,-1.3,1.3,3,11.51,4.63,4.63,0.26,0.43,0.49,0.49,0,0.12,611,0,20.6,0.37,45.01,0,,Loop_Xlinks.csv
1,ILDKLEDYQQKVDKATR-K11-K14,sp|Q12769|NU160_HUMAN,-,intralink,intralink,AvA_1211_5_4_2.09262.09262.3_AvA_1211_5_4_2.09256.09256.3,1422,n/a,-,AvA_1211_5_4_2_matched,,2200.166,734.396,3,-3.8,3.8,2,11.51,5.16,5.16,0.27,0.27,0.39,0.39,0,0.12,745,0,15.1,0.18,44.04,0,,Loop_Xlinks.csv
1,KPDEDMKLYQTPLELK-K1-K7,sp|P52948|NUP98_HUMAN,-,intralink,intralink,AvA_1211_5_4_1.10009.10009.3_AvA_1211_5_4_1.10004.10004.3,1207,n/a,-,AvA_1211_5_4_1_matched,,2085.07,696.031,3,-0.1,0.1,1,11.41,4.5,4.5,0.25,0.21,0.48,0.48,0,0.15,607,0,9.5,0,40.54,0,,Loop_Xlinks.csv
1,KYAKAETLMTVTDPVHDIAFAPNLGR-K1-K4,sp|Q96EE3|SEH1_HUMAN,-,intralink,intralink,AvA_1211_5_4_1.10544.10544.4_AvA_1211_5_4_1.10527.10527.4,208,n/a,-,AvA_1211_5_4_1_matched,,2995.548,749.895,4,0.3,0.3,8,11.51,2.21,2.21,0.23,0.26,0.51,0.51,0,0.1,404,0,18.3,0.42,37.35,0,,Loop_Xlinks.csv
1,IPLNTEQKALKVLR-K8-K11,sp|Q9BW27|NUP85_HUMAN,-,intralink,intralink,AvA_1211_5_4_1.10215.10215.3_AvA_1211_5_4_1.10213.10213.3,449,n/a,-,AvA_1211_5_4_1_matched,,1760.055,587.693,3,-0.6,0.6,2,10.46,2.77,2.77,0.2,0.27,0.42,0.42,0,0.15,440,0,8.3,0.27,36.63,0,,Loop_Xlinks.csv
1,IDEELTGKSRKSQLVR-K8-K11,sp|Q9BW27|NUP85_HUMAN,-,intralink,intralink,AvA_1211_5_4_1.07354.07354.3_AvA_1211_5_4_1.07317.07317.3,92,n/a,-,AvA_1211_5_4_1_matched,,1996.094,666.372,3,-0.6,0.6,2,9.77,1.91,1.91,0.17,0.37,0.58,0.58,0,0.18,359,0,4.4,0.16,36.42,0,,Loop_Xlinks.csv
1,KEKSEMVPSCPFIYIIR-K1-K3,sp|Q9BW27|NUP85_HUMAN,-,intralink,intralink,AvA_1211_5_4_2.10743.10743.3_AvA_1211_5_4_2.10725.10725.3,42,n/a,-,AvA_1211_5_4_2_matched,,2234.148,745.724,3,0.3,0.3,2,11.01,1.37,1.37,0.21,0.4,0.41,0.41,0,0.12,145,0,21.6,0.25,34.97,0,,Loop_Xlinks.csv
1,LWKEEEDGQWKEEQKLEAHSDWVR-K3-K15,sp|P55735|SEC13_HUMAN,-,intralink,intralink,AvA_1211_5_4_2.08980.08980.3_AvA_1211_5_4_2.09296.09296.3,195,n/a,-,AvA_1211_5_4_2_matched,,3192.515,1065.179,3,-0.2,0.2,3,9.13,3.28,3.28,0.08,0.26,0.4,0.4,0,0.08,521,0,3.8,0,34.26,0,,Loop_Xlinks.csv
1,LWKEEEDGQWKEEQKLEAHSDWVR-K11-K15,sp|P55735|SEC13_HUMAN,-,intralink,intralink,AvA_1211_5_4_2.09342.09342.3_AvA_1211_5_4_2.09296.09296.3,203,n/a,-,AvA_1211_5_4_2_matched,,3192.511,1065.178,3,-1.4,1.4,2,8.98,2.63,2.63,0.07,0.19,0.32,0.32,0,0.07,524,0,4.2,0.22,32.3,0,,Loop_Xlinks.csv
1,LVSRPKPLSAVPKQVVTGTVLTR-K6-K13,sp|Q8WYP5|ELYS_HUMAN,-,intralink,intralink,AvA_1211_5_4_2.10025.10025.3_AvA_1211_5_4_2.10003.10003.3,1034,n/a,-,AvA_1211_5_4_2_matched,,2583.548,862.191,3,0.2,0.2,1,8.81,2.78,2.78,0.09,0.1,0.28,0.28,0,0.06,634,0,5.9,0.18,31.95,0,,Loop_Xlinks.csv
1,HCQLLETPESWAKETFLTQKLR-K13-K20,sp|P52948|NUP98_HUMAN,-,intralink,intralink,AvA_1211_5_4_1.10611.10611.3_AvA_1211_5_4_1.10591.10591.3,1601,n/a,-,AvA_1211_5_4_1_matched,,2852.455,951.826,3,0.7,0.7,1,7.8,1.58,1.58,0.14,0.2,0.26,0.26,0,0.06,266,0,6.2,0.32,25.57,0,,Loop_Xlinks.csv
1,KKDNGEFSHHDLAPALDTGTTEEDRLK-K1-K2,sp|P57740|NU107_HUMAN,-,intralink,intralink,AvA_1211_5_4_1.07133.07133.5_AvA_1211_5_4_1.07110.07110.5,645,n/a,-,AvA_1211_5_4_1_matched,,3161.528,633.313,5,0.4,0.4,1,6.28,1.6,1.6,0.15,0.17,0.27,0.27,0,0.05,319,0,1.7,0,22.75,0,,Loop_Xlinks.csv
1,ANYVPALKLNQTLKINVMNDRDPR-K8-K14,sp|Q8WYP5|ELYS_HUMAN,-,intralink,intralink,AvA_1211_5_4_2.10325.10325.3_AvA_1211_5_4_2.10312.10312.3,969,n/a,-,AvA_1211_5_4_2_matched,,2920.557,974.527,3,-0.7,0.7,2,7.08,0.41,0.41,0.11,0.1,0.51,0.51,0,0.11,133,0,4.2,0,20.13,0.012,,Loop_Xlinks.csv
1,KELTSSGGPTKFEIHIVAQFDNHNSQVWR-K1-K11,sp|Q96EE3|SEH1_HUMAN,-,intralink,intralink,AvA_1211_5_4_1.10214.10214.4_AvA_1211_5_4_1.10209.10209.4,255,n/a,-,AvA_1211_5_4_1_matched,,3462.719,866.688,4,-3.6,3.6,1,4.43,0.61,0.61,0.01,0.17,0.1,0.1,0,0.02,74,0,2.1,0.51,13.93,0.022,,Loop_Xlinks.csv
1,KRVLEENQEHYHIVQK-K1-K16,sp|P57740|NU107_HUMAN,-,intralink,intralink,AvA_1211_5_4_1.05616.05616.5_AvA_1211_5_4_1.05585.05585.5,502,n/a,-,AvA_1211_5_4_1_matched,,2187.142,438.436,5,-0.9,0.9,1,6.98,0,0,-0.01,0,0,0,0,0,0,0,0,0.95,13.76,0.021,,Loop_Xlinks.csv
1,KYAKAETLMTVTDPVHDIAFAPNLGR-K1-K4,sp|Q96EE3|SEH1_HUMAN,-,intralink,intralink,AvA_1211_5_2_1.08705.08705.3_AvA_1211_5_2_1.08707.08707.3,208,n/a,-,AvA_1211_5_2_1_matched,,2995.549,999.524,3,0.6,0.6,2,7.69,1.16,1.16,0.12,0.16,0.27,0.27,0,0.05,273,0,7.6,0.29,24.4,0,,Loop_Xlinks.csv
1,ILQKLLKDGIQLSEYLPEVK-K4-K7,sp|Q8WUM0|NU133_HUMAN,-,intralink,intralink,AvA_1211_5_3_2.10777.10777.3_AvA_1211_5_3_2.10776.10776.3,1107,n/a,-,AvA_1211_5_3_2_matched,,2464.421,822.481,3,0.5,0.5,3,11.51,3.88,3.88,0.27,0.25,0.68,0.68,0,0.17,776,0,26.5,0.1,44.96,0,,Loop_Xlinks.csv
1,LFTSDLQDKNEYKVLEGHTDFINGLVFDPK-K9-K13,sp|Q8NFH4|NUP37_HUMAN,-,intralink,intralink,AvA_1211_5_3_2.10104.10104.4_AvA_1211_5_3_2.10097.10097.4,114,n/a,-,AvA_1211_5_3_2_matched,,3619.812,905.961,4,0.9,0.9,2,10.72,3.63,3.63,0.21,0.2,0.32,0.32,0,0.05,804,0,4.5,0.08,41.03,0,,Loop_Xlinks.csv
1,KKDNGEFSHHDLAPALDTGTTEEDRLK-K1-K2,sp|P57740|NU107_HUMAN,-,intralink,intralink,AvA_1211_5_3_1.06607.06607.4_AvA_1211_5_3_1.06590.06590.4,645,n/a,-,AvA_1211_5_3_1_matched,,3161.524,791.389,4,-0.8,0.8,1,11.12,3.12,3.12,0.22,0.25,0.38,0.38,0,0.07,496,0,6.1,0.18,37.56,0,,Loop_Xlinks.csv
1,KEKSEMVPSCPFIYIIR-K1-K3,sp|Q9BW27|NUP85_HUMAN,-,intralink,intralink,AvA_1211_5_3_2.10033.10033.3_AvA_1211_5_3_2.10032.10032.3,42,n/a,-,AvA_1211_5_3_2_matched,,2234.145,745.723,3,-1.3,1.3,2,11.01,1.3,1.3,0.19,0.23,0.64,0.64,0,0.19,272,0,21.6,0.07,34.43,0,,Loop_Xlinks.csv
1,LWKEEEDGQWKEEQKLEAHSDWVR-K3-K15,sp|P55735|SEC13_HUMAN,-,intralink,intralink,AvA_1211_5_3_1.08337.08337.3_AvA_1211_5_3_1.08312.08312.3,195,n/a,-,AvA_1211_5_3_1_matched,,3192.509,1065.177,3,-2,2,6,8.27,3.79,3.79,0.09,0.17,0.28,0.28,0,0.06,549,0,2.1,0.25,30.84,0,,Loop_Xlinks.csv
1,KYAKAETLMTVTDPVHDIAFAPNLGR-K1-K4,sp|Q96EE3|SEH1_HUMAN,-,intralink,intralink,AvA_1211_5_3_2.09863.09863.3_AvA_1211_5_3_2.09844.09844.3,208,n/a,-,AvA_1211_5_3_2_matched,,2995.549,999.524,3,0.3,0.3,1,8.9,1.9,1.9,0.15,0.26,0.27,0.27,0,0.05,317,0,10.5,0.15,29.8,0,,Loop_Xlinks.csv
1,HHCLELAKEADLDVATITKTVVENIR-K8-K19,sp|P57740|NU107_HUMAN,-,intralink,intralink,AvA_1211_5_3_2.10710.10710.4_AvA_1211_5_3_2.10752.10752.4,626,n/a,-,AvA_1211_5_3_2_matched,,3112.618,779.162,4,-1.5,1.5,1,8.03,1.29,1.29,0.11,0.12,0.32,0.32,0,0.06,149,0,11.1,0.46,22.07,0,,Loop_Xlinks.csv
1,KDVDVYSQILRKLFNESHGIFLGLQR-K1-K12,sp|Q9BW27|NUP85_HUMAN,-,intralink,intralink,AvA_1211_5_3_1.10707.10707.4_AvA_1211_5_3_1.10722.10722.4,59,n/a,-,AvA_1211_5_3_1_matched,,3212.732,804.191,4,-0.8,0.8,2,5.15,0.72,0.72,0.03,0.22,0.09,0.09,0,0.02,59,0,8.2,0.56,16.17,0,,Loop_Xlinks.csv
1,LEVFTTPKKCAVPVETEWLKSKDR-K20-K22,sp|Q8WYP5|ELYS_HUMAN,-,intralink,intralink,AvA_1211_5_3_1.07437.07437.4_AvA_1211_5_3_1.07440.07440.4,1271,n/a,-,AvA_1211_5_3_1_matched,,2998.593,750.656,4,2.9,2.9,1,3.06,0.38,0.38,0.06,0.13,0.07,0.07,0,0.02,49,0,0.8,0,10.12,0.043,,Loop_Xlinks.csv
1,TCIFKHHLDLGHNSQAYEALTQIPDSSR-K5-156,sp|Q12769|NU160_HUMAN,-,monolink,monolink,AvA_1211_5_4_1.09161.09161.3_AvA_1211_5_4_1.09138.09138.3,1006,n/a,-,AvA_1211_5_4_1_matched,,3393.637,1132.22,3,-1.2,1.2,5,11.51,4.83,4.83,0.32,0.24,0.49,0.49,0,0.09,1369,0,17.5,0.09,54.34,0,,Mono_Xlinks.csv
1,SIAADHKDLIHDVSFDFHGR-K7-155,sp|Q96EE3|SEH1_HUMAN,-,monolink,monolink,AvA_1211_5_4_2.08813.08813.3_AvA_1211_5_4_2.08792.08792.3,12,n/a,-,AvA_1211_5_4_2_matched,,2434.202,812.408,3,-1.3,1.3,4,11.5,5.41,5.41,0.3,0.38,0.55,0.55,0,0.14,1164,0,30.8,0.07,54.33,0,,Mono_Xlinks.csv
1,TCIFKHHLDLGHNSQAYEALTQIPDSSR-K5-155,sp|Q12769|NU160_HUMAN,-,monolink,monolink,AvA_1211_5_4_2.08819.08819.3_AvA_1211_5_4_2.08803.08803.3,1006,n/a,-,AvA_1211_5_4_2_matched,,3392.657,1131.894,3,-0.5,0.5,5,11.5,5.38,5.38,0.33,0.25,0.48,0.48,0,0.09,1313,0,13.1,0,53.63,0,,Mono_Xlinks.csv
1,LAALASDFSEDMLQEKIEEMAEQER-K16-155,sp|Q8WUM0|NU133_HUMAN,-,monolink,monolink,AvA_1211_5_4_2.11001.11001.3_AvA_1211_5_4_2.10997.10997.3,991,n/a,-,AvA_1211_5_4_2_matched,,3037.43,1013.485,3,0.8,0.8,1,11.51,5.52,5.52,0.22,0.33,0.5,0.5,0,0.1,1171,0,17.4,0,52.62,0,,Mono_Xlinks.csv
1,RPVHGESDTEQLQDDDIETTKVEMLR-K21-155,sp|Q9BW27|NUP85_HUMAN,-,monolink,monolink,AvA_1211_5_4_2.08856.08856.3_AvA_1211_5_4_2.08885.08885.3,631,n/a,-,AvA_1211_5_4_2_matched,,3195.535,1066.186,3,-0.8,0.8,4,11.12,4.62,4.62,0.29,0.36,0.53,0.53,0,0.1,1109,0,19.2,0,51.6,0,,Mono_Xlinks.csv
1,RPVHGESDTEQLQDDDIETTKVEMLR-K21-156,sp|Q9BW27|NUP85_HUMAN,-,monolink,monolink,AvA_1211_5_4_2.09506.09506.3_AvA_1211_5_4_2.09466.09466.3,631,n/a,-,AvA_1211_5_4_2_matched,,3196.516,1066.513,3,-0.9,0.9,8,11.51,4.03,4.03,0.32,0.36,0.5,0.5,0,0.1,1041,0,19.5,0.11,51.16,0,,Mono_Xlinks.csv
1,ALECFCQAASEVGKEEFLDR-K14-156,sp|Q12769|NU160_HUMAN,-,monolink,monolink,AvA_1211_5_4_1.10228.10228.3_AvA_1211_5_4_1.10211.10211.3,939,n/a,-,AvA_1211_5_4_1_matched,,2514.142,839.055,3,0.5,0.5,2,10.78,5.13,5.13,0.2,0.41,0.54,0.54,0,0.13,990,0,25.1,0,50.12,0,,Mono_Xlinks.csv
1,FSRLPSKADTSQEICSPR-K7-156,sp|P52948|NUP98_HUMAN,-,monolink,monolink,AvA_1211_5_4_2.07372.07372.3_AvA_1211_5_4_2.07353.07353.3,1019,n/a,-,AvA_1211_5_4_2_matched,,2234.099,745.707,3,-0.6,0.6,2,11.51,4.93,4.93,0.26,0.31,0.49,0.49,0,0.14,997,0,23.8,0,49.62,0,,Mono_Xlinks.csv
1,TAAVWEEIVGESNDKLR-K15-155,sp|Q96EE3|SEH1_HUMAN,-,monolink,monolink,AvA_1211_5_4_2.10323.10323.3_AvA_1211_5_4_2.10307.10307.3,96,n/a,-,AvA_1211_5_4_2_matched,,2071.058,691.361,3,-1.1,1.1,3,11.51,5.17,5.17,0.26,0.27,0.49,0.49,0,0.15,999,0,19,0,48.85,0,,Mono_Xlinks.csv
1,KGLPLGSAVSSPVLFSPVGR-K1-156,sp|Q8WUM0|NU133_HUMAN,-,monolink,monolink,AvA_1211_5_4_1.10608.10608.3_AvA_1211_5_4_1.10607.10607.3,35,n/a,-,AvA_1211_5_4_1_matched,,2123.199,708.741,3,-0.1,0.1,2,11.51,4.11,4.11,0.25,0.3,0.6,0.6,0,0.15,944,0,16.5,0.12,48.56,0,,Mono_Xlinks.csv
1,KVSSLFGILSPSSDLTLSSVLWDR-K1-156,sp|Q8WUM0|NU133_HUMAN,-,monolink,monolink,AvA_1211_5_4_1.11701.11701.3_AvA_1211_5_4_1.11683.11683.3,258,n/a,-,AvA_1211_5_4_1_matched,,2762.476,921.833,3,0.5,0.5,2,10.12,3.25,3.25,0.16,0.35,0.43,0.43,0,0.09,1007,0,9.2,0.09,47.13,0,,Mono_Xlinks.csv
1,TASRKGLPLGSAVSSPVLFSPVGR-K5-156,sp|Q8WUM0|NU133_HUMAN,-,monolink,monolink,AvA_1211_5_4_1.09598.09598.4_AvA_1211_5_4_1.09582.09582.4,35,n/a,-,AvA_1211_5_4_1_matched,,2538.42,635.613,4,1,1,2,11.51,4.47,4.47,0.23,0.33,0.43,0.43,0,0.09,867,0,5.6,0.28,47.03,0,,Mono_Xlinks.csv
1,SIAADHKDLIHDVSFDFHGR-K7-156,sp|Q96EE3|SEH1_HUMAN,-,monolink,monolink,AvA_1211_5_4_2.09316.09316.3_AvA_1211_5_4_2.09390.09390.3,12,n/a,-,AvA_1211_5_4_2_matched,,2435.184,812.736,3,-1.2,1.2,7,11.27,4.35,4.35,0.24,0.2,0.52,0.52,0,0.13,979,0,14.2,0.08,46.37,0,,Mono_Xlinks.csv
1,EESLEKEPEYVPWTATSGPGGIR-K6-156,sp|Q8WUM0|NU133_HUMAN,-,monolink,monolink,AvA_1211_5_4_2.10032.10032.3_AvA_1211_5_4_2.10013.10013.3,758,n/a,-,AvA_1211_5_4_2_matched,,2687.295,896.773,3,-0.6,0.6,2,11.5,3.41,3.41,0.3,0.29,0.57,0.57,0,0.12,826,0,12,0,45.99,0,,Mono_Xlinks.csv
1,LSAAIVLKNHHSR-K8-155,sp|Q8WUM0|NU133_HUMAN,-,monolink,monolink,AvA_1211_5_4_1.06219.06219.4_AvA_1211_5_4_1.06190.06190.4,654,n/a,-,AvA_1211_5_4_1_matched,,1599.918,400.987,4,-3.1,3.1,3,11.51,3.11,3.11,0.21,0.52,0.7,0.7,0,0.27,431,0,43.5,0.52,45.64,0,,Mono_Xlinks.csv
1,HIQQVDCSGNDLEQLHIKVTSLCSR-K18-156,sp|P52948|NUP98_HUMAN,-,monolink,monolink,AvA_1211_5_4_1.09662.09662.3_AvA_1211_5_4_1.09700.09700.3,1722,n/a,-,AvA_1211_5_4_1_matched,,3092.501,1031.841,3,-0.5,0.5,2,11.5,2.88,2.88,0.24,0.37,0.54,0.54,0,0.11,682,0,13.8,0,44.74,0,,Mono_Xlinks.csv
1,LSDLVNTAILIALNKR-K15-156,sp|Q8WUM0|NU133_HUMAN,-,monolink,monolink,AvA_1211_5_4_2.11458.11458.3_AvA_1211_5_4_2.11441.11441.3,674,n/a,-,AvA_1211_5_4_2_matched,,1909.124,637.382,3,-0.5,0.5,2,11.43,3.84,3.84,0.24,0.28,0.61,0.61,0,0.19,725,0,40.4,0.15,44.6,0,,Mono_Xlinks.csv
1,LSAAIVLKNHHSR-K8-156,sp|Q8WUM0|NU133_HUMAN,-,monolink,monolink,AvA_1211_5_4_2.06964.06964.4_AvA_1211_5_4_2.06924.06924.4,654,n/a,-,AvA_1211_5_4_2_matched,,1600.903,401.233,4,-1.4,1.4,4,11.51,3.23,3.23,0.21,0.46,0.73,0.73,0,0.28,436,0,29.9,0,44.51,0,,Mono_Xlinks.csv
1,FAPKHMGLMLATCSADGIVR-K4-156,sp|Q96EE3|SEH1_HUMAN,-,monolink,monolink,AvA_1211_5_4_1.10043.10043.3_AvA_1211_5_4_1.10020.10020.3,124,n/a,-,AvA_1211_5_4_1_matched,,2330.159,777.727,3,0.2,0.2,2,11.13,4.27,4.27,0.23,0.25,0.36,0.36,0,0.09,825,0,21.9,0,43.87,0,,Mono_Xlinks.csv
1,KGLPLGSAVSSPVLFSPVGR-K1-155,sp|Q8WUM0|NU133_HUMAN,-,monolink,monolink,AvA_1211_5_4_1.10420.10420.3_AvA_1211_5_4_1.10425.10425.3,35,n/a,-,AvA_1211_5_4_1_matched,,2122.213,708.412,3,-1.9,1.9,1,10.43,3.17,3.17,0.19,0.22,0.49,0.49,0,0.12,915,0,11.5,0.06,43.83,0,,Mono_Xlinks.csv
1,SESGDWHCTASWKTHSGSVWR-K13-156,sp|Q96EE3|SEH1_HUMAN,-,monolink,monolink,AvA_1211_5_4_2.08373.08373.3_AvA_1211_5_4_2.08340.08340.3,54,n/a,-,AvA_1211_5_4_2_matched,,2616.144,873.056,3,-0.6,0.6,3,11.51,3.61,3.61,0.28,0.21,0.49,0.49,0,0.12,781,0,44,0,43.53,0,,Mono_Xlinks.csv
1,SIAADHKDLIHDVSFDFHGRR-K7-156,sp|Q96EE3|SEH1_HUMAN,-,monolink,monolink,AvA_1211_5_4_1.08701.08701.3_AvA_1211_5_4_1.08660.08660.3,12,n/a,-,AvA_1211_5_4_1_matched,,2591.288,864.771,3,0.1,0.1,6,11.51,3.15,3.15,0.29,0.23,0.43,0.43,0,0.1,765,0,14.9,0.16,43.35,0,,Mono_Xlinks.csv
1,QMLSKEADASPASAGICR-K5-156,sp|Q9BW27|NUP85_HUMAN,-,monolink,monolink,AvA_1211_5_4_2.07761.07761.3_AvA_1211_5_4_2.07705.07705.3,218,n/a,-,AvA_1211_5_4_2_matched,,2046.971,683.331,3,-0.4,0.4,2,11.51,2.9,2.9,0.28,0.39,0.57,0.57,0,0.16,506,0,12.8,0.31,42.9,0,,Mono_Xlinks.csv
1,ACMEEMHQVAIAAKDPANGR-K14-156,sp|Q9BW27|NUP85_HUMAN,-,monolink,monolink,AvA_1211_5_4_1.07940.07940.3_AvA_1211_5_4_1.07899.07899.3,124,n/a,-,AvA_1211_5_4_1_matched,,2354.08,785.701,3,-0.6,0.6,19,11.51,2.82,2.82,0.27,0.29,0.52,0.52,0,0.13,618,0,23.8,0,42.44,0,,Mono_Xlinks.csv
1,SFHILAIATKDVR-K10-156,sp|Q96EE3|SEH1_HUMAN,-,monolink,monolink,AvA_1211_5_4_1.09959.09959.3_AvA_1211_5_4_1.09943.09943.3,243,n/a,-,AvA_1211_5_4_1_matched,,1625.912,542.978,3,-1.4,1.4,2,10.56,4.04,4.04,0.2,0.41,0.4,0.4,0,0.15,564,0,43.8,0.26,42.1,0,,Mono_Xlinks.csv
1,GLEKQGNCYLAALNCLR-K4-156,sp|Q12769|NU160_HUMAN,-,monolink,monolink,AvA_1211_5_4_1.10229.10229.3_AvA_1211_5_4_1.10207.10207.3,1120,n/a,-,AvA_1211_5_4_1_matched,,2135.049,712.691,3,-0.5,0.5,2,11.44,2.69,2.69,0.24,0.26,0.54,0.54,0,0.16,538,0,23.5,0.13,40.44,0,,Mono_Xlinks.csv
1,VHLEKLSLR-K5-156,sp|P52948|NUP98_HUMAN,-,monolink,monolink,AvA_1211_5_4_2.08460.08460.3_AvA_1211_5_4_2.08416.08416.3,1200,n/a,-,AvA_1211_5_4_2_matched,,1249.738,417.587,3,-1.4,1.4,2,11.11,3.44,3.44,0.25,0.42,0.45,0.45,0,0.25,309,0,37,0,40.18,0,,Mono_Xlinks.csv
1,REESLEKEPEYVPWTATSGPGGIR-K7-156,sp|Q8WUM0|NU133_HUMAN,-,monolink,monolink,AvA_1211_5_4_1.09520.09520.4_AvA_1211_5_4_1.09499.09499.4,758,n/a,-,AvA_1211_5_4_1_matched,,2843.399,711.858,4,0.6,0.6,3,11.48,2.48,2.48,0.15,0.25,0.38,0.38,0,0.08,584,0,5.5,0.18,39.97,0,,Mono_Xlinks.csv
1,KHIISHLFSQPK-K1-156,sp|Q12769|NU160_HUMAN,-,monolink,monolink,AvA_1211_5_4_1.07525.07525.3_AvA_1211_5_4_1.07484.07484.3,833,n/a,-,AvA_1211_5_4_1_matched,,1589.892,530.972,3,-0.8,0.8,2,10.54,3.85,3.85,0.21,0.28,0.45,0.45,0,0.19,564,0,44.8,0,39.77,0,,Mono_Xlinks.csv
1,NSPVEAVFSYLTGKR-K14-156,sp|P52948|NUP98_HUMAN,-,monolink,monolink,AvA_1211_5_4_2.11465.11465.3_AvA_1211_5_4_2.11463.11463.3,1341,n/a,-,AvA_1211_5_4_2_matched,,1822.945,608.656,3,-1.1,1.1,2,11.47,2.34,2.34,0.25,0.27,0.47,0.47,0,0.16,454,0,17.1,0.27,39.13,0,,Mono_Xlinks.csv
1,IFTLKPVRK-K5-156,sp|Q96EE3|SEH1_HUMAN,-,monolink,monolink,AvA_1211_5_4_1.08306.08306.3_AvA_1211_5_4_1.08259.08259.3,251,n/a,-,AvA_1211_5_4_1_matched,,1256.785,419.936,3,-0.7,0.7,2,11.11,1.33,1.33,0.24,0.45,0.61,0.61,0,0.34,143,0,33.3,0,39.01,0,,Mono_Xlinks.csv
1,MKAHSFLMDFIHQVGLFGR-K2-156,sp|Q8WUM0|NU133_HUMAN,-,monolink,monolink,AvA_1211_5_4_2.11339.11339.4_AvA_1211_5_4_2.11337.11337.4,606,n/a,-,AvA_1211_5_4_2_matched,,2389.204,598.309,4,-1.3,1.3,1,11.51,3.25,3.25,0.21,0.35,0.34,0.34,0,0.09,390,0,16.5,0.3,38.76,0,,Mono_Xlinks.csv
1,LWKEEEDGQWKEEQKLEAHSDWVR-K15-156,sp|P55735|SEC13_HUMAN,-,monolink,monolink,AvA_1211_5_4_1.08579.08579.5_AvA_1211_5_4_1.08550.08550.5,207,n/a,-,AvA_1211_5_4_1_matched,,3210.521,643.112,5,-1.4,1.4,4,11.49,3.3,3.3,0.18,0.37,0.3,0.3,0,0.06,387,0,6.2,0.59,38.69,0,,Mono_Xlinks.csv
1,REESLEKEPEYVPWTATSGPGGIR-K7-155,sp|Q8WUM0|NU133_HUMAN,-,monolink,monolink,AvA_1211_5_4_2.09009.09009.3_AvA_1211_5_4_2.08992.08992.3,758,n/a,-,AvA_1211_5_4_2_matched,,2842.41,948.478,3,-1.9,1.9,1,11.37,1.4,1.4,0.25,0.31,0.53,0.53,0,0.11,380,0,7.4,0.13,37.9,0,,Mono_Xlinks.csv
1,LTAGTGHKLR-K8-156,sp|Q12769|NU160_HUMAN,-,monolink,monolink,AvA_1211_5_4_2.05284.05284.3_AvA_1211_5_4_2.05241.05241.3,343,n/a,-,AvA_1211_5_4_2_matched,,1208.686,403.903,3,-1.2,1.2,2,11.43,1.4,1.4,0.28,0.32,0.65,0.65,0,0.32,156,0,17.5,0,37.09,0,,Mono_Xlinks.csv
1,IDEELTGKSRKSQLVR-K11-156,sp|Q9BW27|NUP85_HUMAN,-,monolink,monolink,AvA_1211_5_4_2.05913.05913.4_AvA_1211_5_4_2.05873.05873.4,95,n/a,-,AvA_1211_5_4_2_matched,,2014.104,504.534,4,-1.1,1.1,2,10.85,2.13,2.13,0.18,0.36,0.44,0.44,0,0.14,320,0,13.5,0.82,37.03,0,,Mono_Xlinks.csv
1,LWKEEEDGQWKEEQKLEAHSDWVR-K11-156,sp|P55735|SEC13_HUMAN,-,monolink,monolink,AvA_1211_5_4_2.08245.08245.4_AvA_1211_5_4_2.08227.08227.4,203,n/a,-,AvA_1211_5_4_2_matched,,3210.523,803.639,4,-0.8,0.8,4,11.5,2.1,2.1,0.19,0.32,0.4,0.4,0,0.08,316,0,6.6,0.69,36.78,0,,Mono_Xlinks.csv
1,HHCLELAKEADLDVATITK-K8-156,sp|P57740|NU107_HUMAN,-,monolink,monolink,AvA_1211_5_4_2.13154.13154.4_AvA_1211_5_4_2.13265.13265.4,626,n/a,-,AvA_1211_5_4_2_matched,,2319.177,580.802,4,-0.6,0.6,3,10.46,2.13,2.13,0.17,0.34,0.19,0.19,0,0.05,410,0,4.6,0.44,36.3,0,,Mono_Xlinks.csv
1,LPSKADTSQEICSPR-K4-156,sp|P52948|NUP98_HUMAN,-,monolink,monolink,AvA_1211_5_4_1.07108.07108.3_AvA_1211_5_4_1.07058.07058.3,1019,n/a,-,AvA_1211_5_4_1_matched,,1843.896,615.64,3,-1.4,1.4,2,10.02,3.04,3.04,0.21,0.31,0.48,0.48,0,0.16,399,0,22.2,0,36.18,0,,Mono_Xlinks.csv
1,IDEELTGKSR-K8-156,sp|Q9BW27|NUP85_HUMAN,-,monolink,monolink,AvA_1211_5_4_2.06655.06655.3_AvA_1211_5_4_2.06596.06596.3,92,n/a,-,AvA_1211_5_4_2_matched,,1302.665,435.229,3,-1.5,1.5,2,10.09,2.55,2.55,0.15,0.44,0.28,0.28,0,0.14,237,0,27,0.16,35.72,0,,Mono_Xlinks.csv
1,AKDAAFATLVSDR-K2-156,sp|Q9BW27|NUP85_HUMAN,-,monolink,monolink,AvA_1211_5_4_2.09731.09731.3_AvA_1211_5_4_2.09690.09690.3,494,n/a,-,AvA_1211_5_4_2_matched,,1519.785,507.603,3,-2,2,2,11.49,2.59,2.59,0.22,0.22,0.55,0.55,0,0.21,277,0,40.2,0.24,35.68,0,,Mono_Xlinks.csv
1,LIPESSGKIHQHILPQGQGMLSGIGR-K8-156,sp|Q8WUM0|NU133_HUMAN,-,monolink,monolink,AvA_1211_5_4_2.09028.09028.4_AvA_1211_5_4_2.09007.09007.4,239,n/a,-,AvA_1211_5_4_2_matched,,2908.561,728.148,4,0.4,0.4,4,11.51,1.66,1.66,0.25,0.31,0.52,0.52,0,0.1,244,0,8.3,0.43,35.6,0,,Mono_Xlinks.csv
1,LIPESSGKIHQHILPQGQGMLSGIGR-K8-155,sp|Q8WUM0|NU133_HUMAN,-,monolink,monolink,AvA_1211_5_4_2.08610.08610.4_AvA_1211_5_4_2.08588.08588.4,239,n/a,-,AvA_1211_5_4_2_matched,,2907.572,727.901,4,-1.9,1.9,3,11.51,1.25,1.25,0.15,0.35,0.43,0.43,0,0.08,204,0,8.7,0.38,35.3,0,,Mono_Xlinks.csv
1,HLASDAIINENYDYLKGFLEDLAPPER-K16-156,sp|P52948|NUP98_HUMAN,-,monolink,monolink,AvA_1211_5_4_1.11451.11451.4_AvA_1211_5_4_1.11449.11449.4,1668,n/a,-,AvA_1211_5_4_1_matched,,3258.61,815.66,4,0.4,0.4,3,11.44,1.83,1.83,0.14,0.22,0.4,0.4,0,0.07,350,0,4.5,0.26,34.85,0,,Mono_Xlinks.csv
1,IFTLKPVRKELTSSGGPTK-K5-156,sp|Q96EE3|SEH1_HUMAN,-,monolink,monolink,AvA_1211_5_4_1.07646.07646.4_AvA_1211_5_4_1.07629.07629.4,251,n/a,-,AvA_1211_5_4_1_matched,,2214.259,554.573,4,-1.4,1.4,1,11.03,1.78,1.78,0.11,0.32,0.38,0.38,0,0.1,243,0,8.2,0.93,34.43,0,,Mono_Xlinks.csv
1,LTAGTGHKLR-K8-155,sp|Q12769|NU160_HUMAN,-,monolink,monolink,AvA_1211_5_4_2.04445.04445.3_AvA_1211_5_4_2.04405.04405.3,343,n/a,-,AvA_1211_5_4_2_matched,,1207.702,403.575,3,-3.1,3.1,2,10.09,1.1,1.1,0.23,0.35,0.54,0.54,0,0.27,154,0,19.5,0.28,34.2,0,,Mono_Xlinks.csv
1,KDNGEFSHHDLAPALDTGTTEEDRLK-K1-156,sp|P57740|NU107_HUMAN,-,monolink,monolink,AvA_1211_5_4_2.07335.07335.4_AvA_1211_5_4_2.07315.07315.4,646,n/a,-,AvA_1211_5_4_2_matched,,3051.439,763.868,4,-1.1,1.1,2,9.73,2.26,2.26,0.13,0.27,0.23,0.23,0,0.04,456,0,3.7,0,34.15,0,,Mono_Xlinks.csv
1,EDAKEDHERTHQMVLLR-K4-156,sp|P57740|NU107_HUMAN,-,monolink,monolink,AvA_1211_5_4_1.06368.06368.3_AvA_1211_5_4_1.06333.06333.3,837,n/a,-,AvA_1211_5_4_1_matched,,2262.104,755.042,3,-1.2,1.2,6,11.11,1.6,1.6,0.23,0.27,0.25,0.25,0,0.07,266,0,11.1,0.2,34.07,0,,Mono_Xlinks.csv
1,GLEKQGNCYLAALNCLR-K4-155,sp|Q12769|NU160_HUMAN,-,monolink,monolink,AvA_1211_5_4_2.10047.10047.3_AvA_1211_5_4_2.10039.10039.3,1120,n/a,-,AvA_1211_5_4_2_matched,,2134.068,712.364,3,-0.1,0.1,1,8.4,2.46,2.46,0.11,0.19,0.32,0.32,0,0.09,658,0,13.7,0.14,33.93,0,,Mono_Xlinks.csv
1,IDEELTGKSRKSQLVR-K8-156,sp|Q9BW27|NUP85_HUMAN,-,monolink,monolink,AvA_1211_5_4_1.05883.05883.4_AvA_1211_5_4_1.05860.05860.4,92,n/a,-,AvA_1211_5_4_1_matched,,2014.106,504.534,4,0,0,4,9.97,2.45,2.45,0.2,0.29,0.43,0.43,0,0.13,327,0,11.9,0.74,33.88,0,,Mono_Xlinks.csv
1,KLFNESHGIFLGLQR-K1-156,sp|Q9BW27|NUP85_HUMAN,-,monolink,monolink,AvA_1211_5_4_1.10060.10060.3_AvA_1211_5_4_1.10040.10040.3,70,n/a,-,AvA_1211_5_4_1_matched,,1914.035,639.019,3,-0.7,0.7,1,11.12,1.85,1.85,0.21,0.33,0.27,0.27,0,0.09,182,0,25.1,0.23,33.84,0,,Mono_Xlinks.csv
1,EKSEMVPSCPFIYIIR-K2-156,sp|Q9BW27|NUP85_HUMAN,-,monolink,monolink,AvA_1211_5_4_2.10812.10812.3_AvA_1211_5_4_2.10808.10808.3,44,n/a,-,AvA_1211_5_4_2_matched,,2124.062,709.029,3,-0.6,0.6,2,11.26,1.43,1.43,0.18,0.28,0.41,0.41,0,0.13,166,0,29.9,0.17,33.34,0,,Mono_Xlinks.csv
1,TAAVWEEIVGESNDKLRGQSHWVKR-K15-156,sp|Q96EE3|SEH1_HUMAN,-,monolink,monolink,AvA_1211_5_4_1.09557.09557.5_AvA_1211_5_4_1.09605.09605.5,96,n/a,-,AvA_1211_5_4_1_matched,,3050.555,611.119,5,-0.9,0.9,1,10.63,1.23,1.23,0.09,0.31,0.67,0.67,0,0.13,194,0,4,0.83,33.01,0,,Mono_Xlinks.csv
1,TAAVWEEIVGESNDKLRGQSHWVKR-K24-156,sp|Q96EE3|SEH1_HUMAN,-,monolink,monolink,AvA_1211_5_4_1.09560.09560.3_AvA_1211_5_4_1.09546.09546.3,105,n/a,-,AvA_1211_5_4_1_matched,,3050.547,1017.857,3,-3.5,3.5,3,9.47,1.35,1.35,0.19,0.13,0.52,0.52,0,0.1,538,0,7.8,0.9,32.93,0,,Mono_Xlinks.csv
1,SIAADHKDLIHDVSFDFHGRR-K7-155,sp|Q96EE3|SEH1_HUMAN,-,monolink,monolink,AvA_1211_5_4_2.08164.08164.4_AvA_1211_5_4_2.08152.08152.4,12,n/a,-,AvA_1211_5_4_2_matched,,2590.3,648.583,4,-2.3,2.3,3,10.55,1.5,1.5,0.21,0.28,0.5,0.5,0,0.12,208,0,9.4,0.24,32.54,0,,Mono_Xlinks.csv
1,LPISASHSSKTR-K10-156,sp|P52948|NUP98_HUMAN,-,monolink,monolink,AvA_1211_5_4_1.05341.05341.3_AvA_1211_5_4_1.05297.05297.3,1040,n/a,-,AvA_1211_5_4_1_matched,,1438.776,480.6,3,-1.6,1.6,2,10.67,1.36,1.36,0.21,0.13,0.6,0.6,0,0.25,275,0,14.2,0,32.44,0,,Mono_Xlinks.csv
1,KRVLEENQEHYHIVQK-K1-156,sp|P57740|NU107_HUMAN,-,monolink,monolink,AvA_1211_5_4_1.05605.05605.3_AvA_1211_5_4_1.05569.05569.3,502,n/a,-,AvA_1211_5_4_1_matched,,2205.151,736.058,3,-1.4,1.4,4,9.2,2.05,2.05,0.29,0.19,0.46,0.46,0,0.15,410,0,41.8,0.34,32.12,0,,Mono_Xlinks.csv
1,TLPLCVIGGDHKLLFWVTEV-K12-155,sp|Q8NFH4|NUP37_HUMAN,-,monolink,monolink,AvA_1211_5_4_1.11595.11595.3_AvA_1211_5_4_1.11594.11594.3,318,n/a,-,AvA_1211_5_4_1_matched,,2451.324,818.116,3,-0.5,0.5,1,9.87,2.06,2.06,0.15,0.1,0.26,0.26,0,0.06,515,0,6.2,0.34,31.96,0,,Mono_Xlinks.csv
1,GVHKIASTR-K4-156,sp|Q12769|NU160_HUMAN,-,monolink,monolink,AvA_1211_5_4_1.04895.04895.3_AvA_1211_5_4_1.04832.04832.3,722,n/a,-,AvA_1211_5_4_1_matched,,1123.634,375.552,3,-1.2,1.2,2,8.82,2.33,2.33,0.15,0.38,0.28,0.28,0,0.15,180,0,16.7,0.22,31.02,0,,Mono_Xlinks.csv
1,TMPILSPGNTQTLTELELKWQHWHEECER-K19-156,sp|Q9BW27|NUP85_HUMAN,-,monolink,monolink,AvA_1211_5_4_1.10650.10650.3_AvA_1211_5_4_1.10695.10695.3,257,n/a,-,AvA_1211_5_4_1_matched,,3718.777,1240.6,3,0.3,0.3,6,10.09,0.7,0.7,0.26,0.16,0.53,0.53,0,0.09,320,0,8.5,0,30.85,0,,Mono_Xlinks.csv
1,YAKAETLMTVTDPVHDIAFAPNLGR-K3-156,sp|Q96EE3|SEH1_HUMAN,-,monolink,monolink,AvA_1211_5_4_1.10545.10545.3_AvA_1211_5_4_1.10524.10524.3,211,n/a,-,AvA_1211_5_4_1_matched,,2885.465,962.83,3,0.7,0.7,1,8.7,1.26,1.26,0.16,0.38,0.25,0.25,0,0.05,203,0,6.1,0.22,29.93,0,,Mono_Xlinks.csv
1,LIRPEYAWIVQPVSGAVYDRPGASPKR-K26-155,sp|Q12769|NU160_HUMAN,-,monolink,monolink,AvA_1211_5_4_1.09651.09651.5_AvA_1211_5_4_1.09630.09630.5,1159,n/a,-,AvA_1211_5_4_1_matched,,3179.722,636.952,5,-1.2,1.2,4,9.17,2.63,2.63,0.16,0.16,0.37,0.37,0,0.07,400,0,2.8,0.38,29.89,0,,Mono_Xlinks.csv
1,IDEELTGKSRK-K11-156,sp|Q9BW27|NUP85_HUMAN,-,monolink,monolink,AvA_1211_5_4_1.05777.05777.3_AvA_1211_5_4_1.05734.05734.3,95,n/a,-,AvA_1211_5_4_1_matched,,1430.759,477.928,3,-1.8,1.8,1,8.43,0.75,0.75,0.21,0.2,0.64,0.64,0,0.29,221,0,11.2,0,29.18,0,,Mono_Xlinks.csv
1,SSYPQNKRPVHMDR-K7-156,sp|Q8NFH4|NUP37_HUMAN,-,monolink,monolink,AvA_1211_5_4_2.05155.05155.3_AvA_1211_5_4_2.05116.05116.3,246,n/a,-,AvA_1211_5_4_2_matched,,1869.915,624.313,3,-0.2,0.2,4,9.37,0.77,0.77,0.15,0.15,0.6,0.6,0,0.21,220,0,16.1,0.48,28.71,0,,Mono_Xlinks.csv
1,DRLAQSDMAKR-K10-156,sp|P52948|NUP98_HUMAN,-,monolink,monolink,AvA_1211_5_4_1.05551.05551.3_AvA_1211_5_4_1.05513.05513.3,1749,n/a,-,AvA_1211_5_4_1_matched,,1445.728,482.917,3,-1.1,1.1,1,7.62,3.19,3.19,0.12,0.18,0.22,0.22,0,0.1,428,0,12.4,0.34,28.05,0,,Mono_Xlinks.csv
1,HIQQVDCSGNDLEQLHIKVTSLCSR-K18-155,sp|P52948|NUP98_HUMAN,-,monolink,monolink,AvA_1211_5_4_1.09233.09233.3_AvA_1211_5_4_1.09194.09194.3,1722,n/a,-,AvA_1211_5_4_1_matched,,3091.517,1031.513,3,-0.9,0.9,2,9.44,1.43,1.43,0.2,0.12,0.3,0.3,0,0.06,313,0,3.8,0,28.05,0,,Mono_Xlinks.csv
1,ESVDGQWVCISDVNKGQGSVSASVTEGQQNEQ-K15-156,sp|P55735|SEC13_HUMAN,-,monolink,monolink,AvA_1211_5_4_2.13191.13191.3_AvA_1211_5_4_2.13257.13257.3,305,n/a,-,AvA_1211_5_4_2_matched,,3577.608,1193.544,3,-1.1,1.1,3,6.98,1.45,1.45,0.11,0.11,0.22,0.22,0,0.03,627,0,2.6,0,28.02,0,,Mono_Xlinks.csv
1,LRGQSHWVKR-K9-156,sp|Q96EE3|SEH1_HUMAN,-,monolink,monolink,AvA_1211_5_4_1.05273.05273.3_AvA_1211_5_4_1.05239.05239.3,105,n/a,-,AvA_1211_5_4_1_matched,,1421.787,474.937,3,-1.2,1.2,1,7.2,3.07,3.07,0.09,0.15,0.36,0.36,0,0.18,434,0,11,0,27.69,0,,Mono_Xlinks.csv
1,RPVHGESDTEQLQDDDIETTKVEMLRLSLAR-K21-156,sp|Q9BW27|NUP85_HUMAN,-,monolink,monolink,AvA_1211_5_4_2.08832.08832.5_AvA_1211_5_4_2.08839.08839.5,631,n/a,-,AvA_1211_5_4_2_matched,,3736.857,748.379,5,-0.1,0.1,1,7.91,1.13,1.13,0.08,0.27,0.25,0.25,0,0.04,238,0,2,0.27,26.43,0,,Mono_Xlinks.csv
1,QRKPDEDMKLYQTPLELK-K9-156,sp|P52948|NUP98_HUMAN,-,monolink,monolink,AvA_1211_5_4_2.08960.08960.4_AvA_1211_5_4_2.08919.08919.4,1213,n/a,-,AvA_1211_5_4_2_matched,,2387.24,597.818,4,-0.4,0.4,1,8.31,1.49,1.49,0.11,0.21,0.19,0.19,0,0.05,175,0,4.9,0.45,24.97,0,,Mono_Xlinks.csv
1,QKMPLDDLDREDEVR-K2-156,sp|P57740|NU107_HUMAN,-,monolink,monolink,AvA_1211_5_4_2.08371.08371.3_AvA_1211_5_4_2.08310.08310.3,332,n/a,-,AvA_1211_5_4_2_matched,,2013.967,672.33,3,-0.3,0.3,3,6.63,0.7,0.7,0.06,0.38,0.14,0.14,0,0.05,62,0,7.3,0.3,22.96,0,,Mono_Xlinks.csv
1,NSPVEAVFSYLTGKR-K14-155,sp|P52948|NUP98_HUMAN,-,monolink,monolink,AvA_1211_5_4_2.11303.11303.3_AvA_1211_5_4_2.11302.11302.3,1341,n/a,-,AvA_1211_5_4_2_matched,,1821.961,608.328,3,-1.6,1.6,1,5.06,1.25,1.25,0.11,0.19,0.2,0.2,0,0.07,311,0,7.8,0,20.77,0.012,,Mono_Xlinks.csv
1,SLVGGLLQSKFTSGAFLSPSVSVQECR-K10-155,sp|P52948|NUP98_HUMAN,-,monolink,monolink,AvA_1211_5_4_1.10934.10934.3_AvA_1211_5_4_1.10928.10928.3,1052,n/a,-,AvA_1211_5_4_1_matched,,3008.558,1003.86,3,-2.6,2.6,1,5.19,1.07,1.07,0.1,0.08,0.22,0.22,0,0.04,430,0,2.9,0,20.57,0.012,,Mono_Xlinks.csv
1,EMDYETEVEMEKGFNPAQPLNIR-K12-156,sp|Q12769|NU160_HUMAN,-,monolink,monolink,AvA_1211_5_4_1.12220.12220.3_AvA_1211_5_4_1.12179.12179.3,689,n/a,-,AvA_1211_5_4_1_matched,,2895.346,966.123,3,5.3,5.3,4,6.49,0.77,0.77,0.07,0.2,0.19,0.19,0,0.04,82,0,4.9,0,19.18,0.011,,Mono_Xlinks.csv
1,RMATCSSDQSVKVWDK-K12-156,sp|Q96EE3|SEH1_HUMAN,-,monolink,monolink,AvA_1211_5_4_1.07327.07327.3_AvA_1211_5_4_1.07278.07278.3,37,n/a,-,AvA_1211_5_4_1_matched,,2052.955,685.326,3,-2.8,2.8,2,5.34,1.47,1.47,0.08,0.11,0.13,0.13,0,0.04,302,0,7.8,0,19.03,0.011,,Mono_Xlinks.csv
1,KPDEDMKLYQTPLELK-K7-156,sp|P52948|NUP98_HUMAN,-,monolink,monolink,AvA_1211_5_4_2.09597.09597.3_AvA_1211_5_4_2.09572.09572.3,1213,n/a,-,AvA_1211_5_4_2_matched,,2103.08,702.035,3,-0.4,0.4,1,4.14,1.29,1.29,0.08,0.14,0.09,0.09,0,0.03,317,0,2.7,0,17.33,0.011,,Mono_Xlinks.csv
1,GHLDALTADVKEK-K11-156,sp|P57740|NU107_HUMAN,-,monolink,monolink,AvA_1211_5_4_2.07601.07601.3_AvA_1211_5_4_2.07591.07591.3,814,n/a,-,AvA_1211_5_4_2_matched,,1551.813,518.279,3,-1.2,1.2,1,5.83,1.25,1.25,0.02,0.13,0.11,0.11,0,0.04,117,0,4.1,0.41,17.01,0.011,,Mono_Xlinks.csv
1,FAPKHMGLMLATCSADGIVR-K4-155,sp|Q96EE3|SEH1_HUMAN,-,monolink,monolink,AvA_1211_5_4_1.09754.09754.3_AvA_1211_5_4_1.09759.09759.3,124,n/a,-,AvA_1211_5_4_1_matched,,2329.173,777.399,3,-1.5,1.5,1,5.28,0.86,0.86,0.04,0.11,0.14,0.14,0,0.03,118,0,2.8,0.31,15.32,0.011,,Mono_Xlinks.csv
1,SSYPQNKRPVHMDR-K7-155,sp|Q8NFH4|NUP37_HUMAN,-,monolink,monolink,AvA_1211_5_4_1.04493.04493.3_AvA_1211_5_4_1.04041.04041.3,246,n/a,-,AvA_1211_5_4_1_matched,,1868.929,623.984,3,-2.5,2.5,2,3.72,0.28,0.28,0.1,0.21,0.2,0.2,0,0.07,78,0,3.3,0.76,14.47,0.011,,Mono_Xlinks.csv
1,QRKPDEDMK-K3-155,sp|P52948|NUP98_HUMAN,-,monolink,monolink,AvA_1211_5_4_2.03604.03604.3_AvA_1211_5_4_2.03540.03540.3,1207,n/a,-,AvA_1211_5_4_2_matched,,1300.643,434.555,3,-2.8,2.8,2,4.54,0.62,0.62,0.09,0.15,0.03,0.03,0,0.02,32,0,8.6,0,13.28,0.042,,Mono_Xlinks.csv
1,LSAAIVLKNHHSR-K8-156,sp|Q8WUM0|NU133_HUMAN,-,monolink,monolink,AvA_1211_5_1_2.05679.05679.4_AvA_1211_5_1_2.05654.05654.4,654,n/a,-,AvA_1211_5_1_2_matched,,1600.903,401.234,4,-1.3,1.3,1,11.49,2.71,2.71,0.25,0.3,0.46,0.46,0,0.18,389,0,22.5,0.46,39,0,,Mono_Xlinks.csv
1,RPVHGESDTEQLQDDDIETTKVEMLR-K21-156,sp|Q9BW27|NUP85_HUMAN,-,monolink,monolink,AvA_1211_5_1_2.07658.07658.4_AvA_1211_5_1_2.07091.07091.4,631,n/a,-,AvA_1211_5_1_2_matched,,3196.512,800.136,4,-2.4,2.4,3,8.46,2.55,2.55,0.15,0.22,0.31,0.31,0,0.06,623,0,5,0.23,33.8,0,,Mono_Xlinks.csv
1,SESGDWHCTASWKTHSGSVWR-K13-156,sp|Q96EE3|SEH1_HUMAN,-,monolink,monolink,AvA_1211_5_1_2.06722.06722.4_AvA_1211_5_1_2.06694.06694.4,54,n/a,-,AvA_1211_5_1_2_matched,,2616.153,655.046,4,2.8,2.8,1,5.75,0.81,0.81,0.06,0.31,0.21,0.21,0,0.05,168,0,1.6,0,21.74,0,,Mono_Xlinks.csv
1,LLATASFTKSSR-K9-155,sp|Q8WYP5|ELYS_HUMAN,-,monolink,monolink,AvA_1211_5_1_1.07940.07940.3_AvA_1211_5_1_1.07933.07933.3,2092,n/a,-,AvA_1211_5_1_1_matched,,1435.808,479.611,3,2.1,2.1,1,4.18,1.24,1.24,0.1,0.25,0.05,0.05,0,0.02,145,0,2.1,0,16.69,0,,Mono_Xlinks.csv
1,LLATASFTKSSRSSRTR-K9-155,sp|Q8WYP5|ELYS_HUMAN,-,monolink,monolink,AvA_1211_5_1_1.06047.06047.3_AvA_1211_5_1_1.06684.06684.3,2092,n/a,-,AvA_1211_5_1_1_matched,,2023.113,675.379,3,-2.9,2.9,1,4.35,0.89,0.89,0.04,0.14,0.05,0.05,0,0.02,153,0,1.6,0.73,14.72,0,,Mono_Xlinks.csv
1,KELTSSGGPTKFEIHIVAQFDNHNSQVWR-K11-156,sp|Q96EE3|SEH1_HUMAN,-,monolink,monolink,AvA_1211_5_1_1.07558.07558.5_AvA_1211_5_1_1.07560.07560.5,265,n/a,-,AvA_1211_5_1_1_matched,,3480.743,697.156,5,0,0,1,4.41,0.65,0.65,0.05,0.13,0.12,0.12,0,0.02,151,0,1.4,0.8,14.51,0,,Mono_Xlinks.csv
1,TCIFKHHLDLGHNSQAYEALTQIPDSSR-K5-156,sp|Q12769|NU160_HUMAN,-,monolink,monolink,AvA_1211_5_3_1.08541.08541.3_AvA_1211_5_3_1.08519.08519.3,1006,n/a,-,AvA_1211_5_3_1_matched,,3393.639,1132.221,3,-0.5,0.5,4,11.5,4.94,4.94,0.24,0.2,0.46,0.46,0,0.08,1190,0,10.7,0,49.97,0,,Mono_Xlinks.csv
1,TAAVWEEIVGESNDKLR-K15-156,sp|Q96EE3|SEH1_HUMAN,-,monolink,monolink,AvA_1211_5_3_2.09825.09825.3_AvA_1211_5_3_2.09823.09823.3,96,n/a,-,AvA_1211_5_3_2_matched,,2072.042,691.689,3,-0.1,0.1,1,11.51,5.08,5.08,0.24,0.27,0.47,0.47,0,0.14,1012,0,19,0.18,48.94,0,,Mono_Xlinks.csv
1,RPVHGESDTEQLQDDDIETTKVEMLR-K21-155,sp|Q9BW27|NUP85_HUMAN,-,monolink,monolink,AvA_1211_5_3_1.08203.08203.3_AvA_1211_5_3_1.08232.08232.3,631,n/a,-,AvA_1211_5_3_1_matched,,3195.535,1066.186,3,-0.7,0.7,4,11.29,3.89,3.89,0.3,0.28,0.51,0.51,0,0.1,958,0,13.7,0,47.42,0,,Mono_Xlinks.csv
1,KVSSLFGILSPSSDLTLSSVLWDR-K1-156,sp|Q8WUM0|NU133_HUMAN,-,monolink,monolink,AvA_1211_5_3_1.10827.10827.3_AvA_1211_5_3_1.10828.10828.3,258,n/a,-,AvA_1211_5_3_1_matched,,2762.473,921.832,3,-0.3,0.3,1,10.7,3.75,3.75,0.2,0.28,0.51,0.51,0,0.11,1017,0,11.8,0.2,47.31,0,,Mono_Xlinks.csv
1,SIAADHKDLIHDVSFDFHGR-K7-156,sp|Q96EE3|SEH1_HUMAN,-,monolink,monolink,AvA_1211_5_3_1.08664.08664.3_AvA_1211_5_3_1.08644.08644.3,12,n/a,-,AvA_1211_5_3_1_matched,,2435.187,812.737,3,0.1,0.1,5,11.5,4.33,4.33,0.25,0.27,0.48,0.48,0,0.12,878,0,19.5,0.08,46.34,0,,Mono_Xlinks.csv
1,MKAHSFLMDFIHQVGLFGR-K2-156,sp|Q8WUM0|NU133_HUMAN,-,monolink,monolink,AvA_1211_5_3_2.10585.10585.3_AvA_1211_5_3_2.10576.10576.3,606,n/a,-,AvA_1211_5_3_2_matched,,2389.211,797.411,3,1.2,1.2,4,11.5,3.85,3.85,0.38,0.29,0.44,0.44,0,0.12,814,0,35.9,0.1,46.03,0,,Mono_Xlinks.csv
1,RPVHGESDTEQLQDDDIETTKVEMLR-K21-156,sp|Q9BW27|NUP85_HUMAN,-,monolink,monolink,AvA_1211_5_3_2.08877.08877.3_AvA_1211_5_3_2.08879.08879.3,631,n/a,-,AvA_1211_5_3_2_matched,,3196.512,1066.512,3,-2.3,2.3,7,11.51,2.89,2.89,0.28,0.32,0.5,0.5,0,0.1,779,0,11.8,0.09,45.45,0,,Mono_Xlinks.csv
1,YLQDSTFATSPHLESLLKIMLGDEAALLEQK-K18-156,sp|Q9BW27|NUP85_HUMAN,-,monolink,monolink,AvA_1211_5_3_1.10895.10895.4_AvA_1211_5_3_1.10891.10891.4,285,n/a,-,AvA_1211_5_3_1_matched,,3616.868,905.225,4,2.6,2.6,2,11.5,3.68,3.68,0.2,0.25,0.48,0.48,0,0.08,798,0,6,0,43.87,0,,Mono_Xlinks.csv
1,LAALASDFSEDMLQEKIEEMAEQER-K16-155,sp|Q8WUM0|NU133_HUMAN,-,monolink,monolink,AvA_1211_5_3_1.10199.10199.3_AvA_1211_5_3_1.10184.10184.3,991,n/a,-,AvA_1211_5_3_1_matched,,3037.429,1013.484,3,0.3,0.3,1,9.78,4.01,4.01,0.14,0.17,0.37,0.37,0,0.07,1004,0,9.3,0,42.34,0,,Mono_Xlinks.csv
1,QMLSKEADASPASAGICR-K5-156,sp|Q9BW27|NUP85_HUMAN,-,monolink,monolink,AvA_1211_5_3_2.07261.07261.3_AvA_1211_5_3_2.07217.07217.3,218,n/a,-,AvA_1211_5_3_2_matched,,2046.97,683.331,3,-0.5,0.5,2,11.43,2.93,2.93,0.27,0.34,0.54,0.54,0,0.15,508,0,12.5,0.23,41.54,0,,Mono_Xlinks.csv
1,HIQQVDCSGNDLEQLHIKVTSLCSR-K18-156,sp|P52948|NUP98_HUMAN,-,monolink,monolink,AvA_1211_5_3_1.08943.08943.4_AvA_1211_5_3_1.08919.08919.4,1722,n/a,-,AvA_1211_5_3_1_matched,,3092.502,774.133,4,0,0,3,11.51,4.18,4.18,0.34,0.31,0.61,0.61,0,0.12,534,0,33.8,0.19,41.42,0,,Mono_Xlinks.csv
1,GDQSPSDRPLSLAVHCVEHDAFIFALCQDHKLR-K31-156,sp|Q12769|NU160_HUMAN,-,monolink,monolink,AvA_1211_5_3_2.09847.09847.4_AvA_1211_5_3_2.09851.09851.4,307,n/a,-,AvA_1211_5_3_2_matched,,3973.925,994.489,4,1.1,1.1,1,10.1,3.87,3.87,0.23,0.17,0.32,0.32,0,0.05,901,0,3.6,0.35,41.02,0,,Mono_Xlinks.csv
1,INNAHTIGCNAVSWAPAVVPGSLIDHPSGQKPNYIK-K31-156,sp|P55735|SEC13_HUMAN,-,monolink,monolink,AvA_1211_5_3_1.09149.09149.3_AvA_1211_5_3_1.09131.09131.3,175,n/a,-,AvA_1211_5_3_1_matched,,3981.018,1328.014,3,-0.6,0.6,1,10.13,2.34,2.34,0.26,0.22,0.48,0.48,0,0.07,818,0,3.8,0.17,40.89,0,,Mono_Xlinks.csv
1,IDEELTGKSRKSQLVR-K8-156,sp|Q9BW27|NUP85_HUMAN,-,monolink,monolink,AvA_1211_5_3_2.05500.05500.4_AvA_1211_5_3_2.05477.05477.4,92,n/a,-,AvA_1211_5_3_2_matched,,2014.105,504.534,4,-0.6,0.6,2,11.51,3.03,3.03,0.19,0.43,0.43,0.43,0,0.14,364,0,16.4,0.88,40.65,0,,Mono_Xlinks.csv
1,LSAAIVLKNHHSR-K8-156,sp|Q8WUM0|NU133_HUMAN,-,monolink,monolink,AvA_1211_5_3_2.06527.06527.4_AvA_1211_5_3_2.06487.06487.4,654,n/a,-,AvA_1211_5_3_2_matched,,1600.902,401.233,4,-1.6,1.6,3,11.51,2.49,2.49,0.24,0.3,0.63,0.63,0,0.24,348,0,11.8,0,39.05,0,,Mono_Xlinks.csv
1,LWKEEEDGQWKEEQKLEAHSDWVR-K15-156,sp|P55735|SEC13_HUMAN,-,monolink,monolink,AvA_1211_5_3_2.07746.07746.4_AvA_1211_5_3_2.08018.08018.4,207,n/a,-,AvA_1211_5_3_2_matched,,3210.527,803.64,4,0.3,0.3,2,11.48,2.78,2.78,0.19,0.28,0.26,0.26,0,0.05,505,0,5.8,0.61,38.87,0,,Mono_Xlinks.csv
1,SLVGGLLQSKFTSGAFLSPSVSVQECR-K10-156,sp|P52948|NUP98_HUMAN,-,monolink,monolink,AvA_1211_5_3_2.10439.10439.3_AvA_1211_5_3_2.10432.10432.3,1052,n/a,-,AvA_1211_5_3_2_matched,,3009.548,1004.191,3,0,0,1,11.38,2.5,2.5,0.31,0.3,0.55,0.55,0,0.1,413,0,14.7,0.08,38.29,0,,Mono_Xlinks.csv
1,SIAADHKDLIHDVSFDFHGRR-K7-156,sp|Q96EE3|SEH1_HUMAN,-,monolink,monolink,AvA_1211_5_3_1.08099.08099.4_AvA_1211_5_3_1.08056.08056.4,12,n/a,-,AvA_1211_5_3_1_matched,,2591.286,648.829,4,-0.9,0.9,5,11.51,1.73,1.73,0.16,0.43,0.49,0.49,0,0.12,228,0,12.2,0.21,37.89,0,,Mono_Xlinks.csv
1,REESLEKEPEYVPWTATSGPGGIR-K7-155,sp|Q8WUM0|NU133_HUMAN,-,monolink,monolink,AvA_1211_5_3_1.08357.08357.3_AvA_1211_5_3_1.08350.08350.3,758,n/a,-,AvA_1211_5_3_1_matched,,2842.411,948.478,3,-1.6,1.6,1,11.34,1.65,1.65,0.21,0.25,0.51,0.51,0,0.11,416,0,10.9,0,37.12,0,,Mono_Xlinks.csv
1,SIAADHKDLIHDVSFDFHGR-K7-155,sp|Q96EE3|SEH1_HUMAN,-,monolink,monolink,AvA_1211_5_3_2.08226.08226.4_AvA_1211_5_3_2.08208.08208.4,12,n/a,-,AvA_1211_5_3_2_matched,,2434.202,609.558,4,-1.3,1.3,2,11.51,1.66,1.66,0.21,0.39,0.61,0.61,0,0.15,194,0,18.6,0.25,36.89,0,,Mono_Xlinks.csv
1,LIPESSGKIHQHILPQGQGMLSGIGR-K8-156,sp|Q8WUM0|NU133_HUMAN,-,monolink,monolink,AvA_1211_5_3_1.08393.08393.4_AvA_1211_5_3_1.08376.08376.4,239,n/a,-,AvA_1211_5_3_1_matched,,2908.559,728.148,4,0.1,0.1,4,11.51,1.85,1.85,0.26,0.33,0.5,0.5,0,0.1,270,0,10.7,0.42,36.54,0,,Mono_Xlinks.csv
1,REESLEKEPEYVPWTATSGPGGIR-K7-156,sp|Q8WUM0|NU133_HUMAN,-,monolink,monolink,AvA_1211_5_3_1.08823.08823.3_AvA_1211_5_3_1.08812.08812.3,758,n/a,-,AvA_1211_5_3_1_matched,,2843.396,948.807,3,-0.6,0.6,2,11.06,1.31,1.31,0.23,0.24,0.51,0.51,0,0.11,415,0,6.2,0,36.29,0,,Mono_Xlinks.csv
1,IDEELTGKSRKSQLVR-K11-156,sp|Q9BW27|NUP85_HUMAN,-,monolink,monolink,AvA_1211_5_3_1.05459.05459.3_AvA_1211_5_3_1.05422.05422.3,95,n/a,-,AvA_1211_5_3_1_matched,,2014.105,672.376,3,-0.5,0.5,1,11.08,1.14,1.14,0.19,0.32,0.56,0.56,0,0.17,265,0,25.4,0.88,36.04,0,,Mono_Xlinks.csv
1,LWKEEEDGQWKEEQKLEAHSDWVR-K11-156,sp|P55735|SEC13_HUMAN,-,monolink,monolink,AvA_1211_5_3_2.07746.07746.4_AvA_1211_5_3_2.07702.07702.4,203,n/a,-,AvA_1211_5_3_2_matched,,3210.527,803.64,4,0.3,0.3,3,10.27,2.03,2.03,0.19,0.29,0.21,0.21,0,0.04,431,0,5.1,0.75,35.29,0,,Mono_Xlinks.csv
1,HLASDAIINENYDYLKGFLEDLAPPER-K16-155,sp|P52948|NUP98_HUMAN,-,monolink,monolink,AvA_1211_5_3_2.10606.10606.4_AvA_1211_5_3_2.10676.10676.4,1668,n/a,-,AvA_1211_5_3_2_matched,,3257.617,815.412,4,-2.7,2.7,2,11.31,1.84,1.84,0.15,0.19,0.53,0.53,0,0.1,389,0,5.6,0.25,35.08,0,,Mono_Xlinks.csv
1,LPISASHSSKTR-K10-156,sp|P52948|NUP98_HUMAN,-,monolink,monolink,AvA_1211_5_3_2.04957.04957.3_AvA_1211_5_3_2.04895.04895.3,1040,n/a,-,AvA_1211_5_3_2_matched,,1438.776,480.6,3,-1.5,1.5,2,10.34,1.52,1.52,0.25,0.24,0.55,0.55,0,0.23,277,0,11.8,0,33.96,0,,Mono_Xlinks.csv
1,FAPKHMGLMLATCSADGIVR-K4-156,sp|Q96EE3|SEH1_HUMAN,-,monolink,monolink,AvA_1211_5_3_2.09388.09388.3_AvA_1211_5_3_2.09372.09372.3,124,n/a,-,AvA_1211_5_3_2_matched,,2330.157,777.727,3,-0.4,0.4,1,8.27,3.05,3.05,0.08,0.17,0.27,0.27,0,0.07,718,0,9.2,0,33.92,0,,Mono_Xlinks.csv
1,TAAVWEEIVGESNDKLRGQSHWVKR-K24-156,sp|Q96EE3|SEH1_HUMAN,-,monolink,monolink,AvA_1211_5_3_2.08920.08920.4_AvA_1211_5_3_2.08924.08924.4,105,n/a,-,AvA_1211_5_3_2_matched,,3050.556,763.647,4,-0.3,0.3,2,10.35,2.14,2.14,0.2,0.25,0.64,0.64,0,0.13,332,0,11.9,0.82,33.78,0,,Mono_Xlinks.csv
1,LIPESSGKIHQHILPQGQGMLSGIGR-K8-155,sp|Q8WUM0|NU133_HUMAN,-,monolink,monolink,AvA_1211_5_3_1.07978.07978.4_AvA_1211_5_3_1.07956.07956.4,239,n/a,-,AvA_1211_5_3_1_matched,,2907.569,727.9,4,-2.9,2.9,3,11.51,1.63,1.63,0.23,0.22,0.45,0.45,0,0.09,250,0,8.5,0.38,33.69,0,,Mono_Xlinks.csv
1,TAAVWEEIVGESNDKLRGQSHWVKR-K15-156,sp|Q96EE3|SEH1_HUMAN,-,monolink,monolink,AvA_1211_5_3_2.08919.08919.5_AvA_1211_5_3_2.08898.08898.5,96,n/a,-,AvA_1211_5_3_2_matched,,3050.554,611.119,5,-1,1,1,11.5,1.53,1.53,0.17,0.24,0.68,0.68,0,0.14,203,0,9.8,0.4,33.59,0,,Mono_Xlinks.csv
1,LKHSTVHVDELCPLIVPNLGVAVIHDYADWVK-K2-156,sp|P52948|NUP98_HUMAN,-,monolink,monolink,AvA_1211_5_3_1.10113.10113.4_AvA_1211_5_3_1.10104.10104.4,1224,n/a,-,AvA_1211_5_3_1_matched,,3792.994,949.256,4,0.8,0.8,3,11.41,2.11,2.11,0.22,0.25,0.28,0.28,0,0.04,254,0,4.9,0.17,33.54,0,,Mono_Xlinks.csv
1,LIRPEYAWIVQPVSGAVYDRPGASPKR-K26-155,sp|Q12769|NU160_HUMAN,-,monolink,monolink,AvA_1211_5_3_2.08989.08989.5_AvA_1211_5_3_2.08988.08988.5,1159,n/a,-,AvA_1211_5_3_2_matched,,3179.719,636.952,5,-2.4,2.4,3,9.19,3.03,3.03,0.29,0.24,0.51,0.51,0,0.1,379,0,6.4,0.34,31.94,0,,Mono_Xlinks.csv
1,LPPYDIPGMVSVVELKQSSVMQR-K16-156,sp|Q12769|NU160_HUMAN,-,monolink,monolink,AvA_1211_5_3_2.10500.10500.3_AvA_1211_5_3_2.10499.10499.3,258,n/a,-,AvA_1211_5_3_2_matched,,2728.415,910.479,3,-1.1,1.1,1,7,2.3,2.3,0.1,0.2,0.32,0.32,0,0.07,707,0,6.4,0.17,31.91,0,,Mono_Xlinks.csv
1,KRVLEENQEHYHIVQK-K1-156,sp|P57740|NU107_HUMAN,-,monolink,monolink,AvA_1211_5_3_1.05181.05181.3_AvA_1211_5_3_1.05139.05139.3,502,n/a,-,AvA_1211_5_3_1_matched,,2205.154,736.059,3,-0.1,0.1,1,10.05,1.98,1.98,0.23,0.17,0.32,0.32,0,0.1,367,0,12.5,0,31.9,0,,Mono_Xlinks.csv
1,SIAADHKDLIHDVSFDFHGRR-K7-155,sp|Q96EE3|SEH1_HUMAN,-,monolink,monolink,AvA_1211_5_3_2.07683.07683.4_AvA_1211_5_3_2.07663.07663.4,12,n/a,-,AvA_1211_5_3_2_matched,,2590.301,648.583,4,-2,2,2,11.19,1.34,1.34,0.17,0.2,0.39,0.39,0,0.09,184,0,5.2,0.23,31.2,0,,Mono_Xlinks.csv
1,TMPILSPGNTQTLTELELKWQHWHEECER-K19-156,sp|Q9BW27|NUP85_HUMAN,-,monolink,monolink,AvA_1211_5_3_1.09882.09882.4_AvA_1211_5_3_1.09861.09861.4,257,n/a,-,AvA_1211_5_3_1_matched,,3718.778,930.702,4,0.6,0.6,14,11.38,0.93,0.93,0.23,0.22,0.46,0.46,0,0.08,123,0,4.8,0.31,30.94,0,,Mono_Xlinks.csv
1,HLASDAIINENYDYLKGFLEDLAPPER-K16-156,sp|P52948|NUP98_HUMAN,-,monolink,monolink,AvA_1211_5_3_1.10635.10635.5_AvA_1211_5_3_1.10614.10614.5,1668,n/a,-,AvA_1211_5_3_1_matched,,3258.608,652.729,5,-0.2,0.2,6,9.67,1.19,1.19,0.06,0.3,0.33,0.33,0,0.06,219,0,4.3,0.27,30.4,0,,Mono_Xlinks.csv
1,LIRPEYAWIVQPVSGAVYDRPGASPKRNHDGECTAAPTNR-K26-156,sp|Q12769|NU160_HUMAN,-,monolink,monolink,AvA_1211_5_3_1.08328.08328.5_AvA_1211_5_3_1.08396.08396.5,1159,n/a,-,AvA_1211_5_3_1_matched,,4604.301,921.868,5,0.6,0.6,5,11.4,1.05,1.05,0.12,0.23,0.41,0.41,0,0.05,110,0,3.2,0.23,30.29,0,,Mono_Xlinks.csv
1,TLPLCVIGGDHKLLFWVTEV-K12-155,sp|Q8NFH4|NUP37_HUMAN,-,monolink,monolink,AvA_1211_5_3_1.10754.10754.3_AvA_1211_5_3_1.10745.10745.3,318,n/a,-,AvA_1211_5_3_1_matched,,2451.329,818.118,3,1.6,1.6,1,8.45,1.65,1.65,0.16,0.08,0.22,0.22,0,0.06,519,0,7.6,0.23,28.79,0,,Mono_Xlinks.csv
1,ACMEEMHQVAIAAKDPANGR-K14-156,sp|Q9BW27|NUP85_HUMAN,-,monolink,monolink,AvA_1211_5_3_2.07480.07480.4_AvA_1211_5_3_2.07460.07460.4,124,n/a,-,AvA_1211_5_3_2_matched,,2354.079,589.528,4,-1.1,1.1,1,8.7,1.78,1.78,0.08,0.25,0.28,0.28,0,0.07,268,0,9.1,0,28.31,0,,Mono_Xlinks.csv
1,IFTLKPVRKELTSSGGPTK-K9-156,sp|Q96EE3|SEH1_HUMAN,-,monolink,monolink,AvA_1211_5_3_2.07199.07199.4_AvA_1211_5_3_2.07159.07159.4,255,n/a,-,AvA_1211_5_3_2_matched,,2214.26,554.573,4,-0.9,0.9,1,8.76,1,1,0.06,0.35,0.26,0.26,0,0.07,106,0,4.7,0.93,27.73,0,,Mono_Xlinks.csv
1,QRKPDEDMK-K3-156,sp|P52948|NUP98_HUMAN,-,monolink,monolink,AvA_1211_5_3_2.04253.04253.3_AvA_1211_5_3_2.04188.04188.3,1207,n/a,-,AvA_1211_5_3_2_matched,,1301.625,434.883,3,-2.5,2.5,5,8.26,1.8,1.8,0.17,0.33,0.21,0.21,0,0.12,140,0,13,0,27.67,0,,Mono_Xlinks.csv
1,KLFNESHGIFLGLQR-K1-156,sp|Q9BW27|NUP85_HUMAN,-,monolink,monolink,AvA_1211_5_3_2.09437.09437.3_AvA_1211_5_3_2.09407.09407.3,70,n/a,-,AvA_1211_5_3_2_matched,,1914.034,639.019,3,-1.3,1.3,1,8.22,1.63,1.63,0.16,0.31,0.18,0.18,0,0.06,196,0,12.2,0.32,27.46,0,,Mono_Xlinks.csv
1,LFTSDLQDKNEYKVLEGHTDFINGLVFDPK-K13-156,sp|Q8NFH4|NUP37_HUMAN,-,monolink,monolink,AvA_1211_5_3_2.09764.09764.4_AvA_1211_5_3_2.09761.09761.4,118,n/a,-,AvA_1211_5_3_2_matched,,3637.84,910.468,4,5.7,5.7,1,8.24,1.8,1.8,0.18,0.03,0.29,0.29,0,0.05,497,0,2.2,0.23,26.86,0,,Mono_Xlinks.csv
1,IYEAPDVMNLSQWSLQHEISCKLSCSCISWNPSSSR-K22-156,sp|Q96EE3|SEH1_HUMAN,-,monolink,monolink,AvA_1211_5_3_1.10198.10198.3_AvA_1211_5_3_1.10178.10178.3,162,n/a,-,AvA_1211_5_3_1_matched,,4425.02,1476.015,3,0.7,0.7,1,8.66,0.68,0.68,0.14,0.12,0.33,0.33,0,0.05,331,0,2.8,0,26.49,0,,Mono_Xlinks.csv
1,LWKEEEDGQWKEEQKLEAHSDWVR-K3-156,sp|P55735|SEC13_HUMAN,-,monolink,monolink,AvA_1211_5_3_1.07684.07684.4_AvA_1211_5_3_1.07852.07852.4,195,n/a,-,AvA_1211_5_3_1_matched,,3210.533,803.641,4,2.2,2.2,3,8.15,1.33,1.33,0.09,0.21,0.16,0.16,0,0.03,291,0,2.4,0.89,26.42,0,,Mono_Xlinks.csv
1,EDAKEDHERTHQMVLLR-K4-156,sp|P57740|NU107_HUMAN,-,monolink,monolink,AvA_1211_5_3_1.05913.05913.4_AvA_1211_5_3_1.05875.05875.4,837,n/a,-,AvA_1211_5_3_1_matched,,2262.103,566.534,4,-1.5,1.5,4,7.98,2.04,2.04,0.09,0.24,0.18,0.18,0,0.05,255,0,6.7,0.21,26.33,0,,Mono_Xlinks.csv
1,AASLMNIPSTSSWSVPPPLTSVFTMPSPAPEVPLKTVGTR-K35-156,sp|P52948|NUP98_HUMAN,-,monolink,monolink,AvA_1211_5_3_2.10627.10627.4_AvA_1211_5_3_2.10644.10644.4,1107,n/a,-,AvA_1211_5_3_2_matched,,4306.231,1077.566,4,1,1,1,8.45,1.11,1.11,0.16,0.14,0.43,0.43,0,0.05,310,0,0.9,0.36,26.26,0,,Mono_Xlinks.csv
1,YAKAETLMTVTDPVHDIAFAPNLGR-K3-156,sp|Q96EE3|SEH1_HUMAN,-,monolink,monolink,AvA_1211_5_3_2.09872.09872.4_AvA_1211_5_3_2.09857.09857.4,211,n/a,-,AvA_1211_5_3_2_matched,,2885.463,722.373,4,-0.3,0.3,2,7.15,1.31,1.31,0.05,0.16,0.3,0.3,0,0.06,394,0,4.2,0,25.43,0,,Mono_Xlinks.csv
1,TCIFKHHLDLGHNSQAYEALTQIPDSSR-K5-155,sp|Q12769|NU160_HUMAN,-,monolink,monolink,AvA_1211_5_3_2.08228.08228.5_AvA_1211_5_3_2.08265.08265.5,1006,n/a,-,AvA_1211_5_3_2_matched,,3392.655,679.539,5,-1.1,1.1,1,7.93,1.5,1.5,0.06,0.18,0.4,0.4,0,0.07,231,0,2.3,0.31,24.79,0,,Mono_Xlinks.csv
1,LPSKADTSQEICSPR-K4-156,sp|P52948|NUP98_HUMAN,-,monolink,monolink,AvA_1211_5_3_2.06668.06668.3_AvA_1211_5_3_2.06640.06640.3,1019,n/a,-,AvA_1211_5_3_2_matched,,1843.897,615.64,3,-1,1,2,6.93,1.98,1.98,0.09,0.17,0.16,0.16,0,0.05,353,0,14,0,24.53,0,,Mono_Xlinks.csv
1,KINNAHTIGCNAVSWAPAVVPGSLIDHPSGQKPNYIK-K32-156,sp|P55735|SEC13_HUMAN,-,monolink,monolink,AvA_1211_5_3_2.08983.08983.5_AvA_1211_5_3_2.08982.08982.5,175,n/a,-,AvA_1211_5_3_2_matched,,4109.115,822.831,5,-0.3,0.3,1,6.26,1.27,1.27,0.16,0.19,0.48,0.48,0,0.07,283,0,0.7,0.33,22.66,0,,Mono_Xlinks.csv
1,AATLEGWKLYHDPNVNGGTELEPVEGNPYRR-K8-155,sp|P57740|NU107_HUMAN,-,monolink,monolink,AvA_1211_5_3_2.08524.08524.4_AvA_1211_5_3_2.08529.08529.4,382,n/a,-,AvA_1211_5_3_2_matched,,3636.802,910.208,4,1.1,1.1,1,5.74,0.8,0.8,0.16,0.19,0.42,0.42,0,0.07,259,0,2.5,0.31,21.39,0,,Mono_Xlinks.csv
1,KINNAHTIGCNAVSWAPAVVPGSLIDHPSGQKPNYIK-K37-156,sp|P55735|SEC13_HUMAN,-,monolink,monolink,AvA_1211_5_3_1.08947.08947.5_AvA_1211_5_3_1.08897.08897.5,180,n/a,-,AvA_1211_5_3_1_matched,,4109.112,822.83,5,-0.9,0.9,1,7.58,1.33,1.33,0.17,0.06,0.27,0.27,0,0.04,186,0,1.3,0.29,20.51,0,,Mono_Xlinks.csv
1,FCTSAADMKIRLFTSDLQDKNEYK-K24-156,sp|Q8NFH4|NUP37_HUMAN,-,monolink,monolink,AvA_1211_5_3_2.07917.07917.4_AvA_1211_5_3_2.07828.07828.4,118,n/a,-,AvA_1211_5_3_2_matched,,3036.455,760.122,4,-0.7,0.7,1,6.3,1.56,1.56,0.17,0.18,0.17,0.17,0,0.03,169,0,4.1,0.38,20.21,0,,Mono_Xlinks.csv
1,VGWGPNWTLANSGEQLNGSHELENHQIADSMEFGFLPNPVAVKPLTESPFK-K43-156,sp|P52948|NUP98_HUMAN,-,monolink,monolink,AvA_1211_5_3_1.10239.10239.4_AvA_1211_5_3_1.10240.10240.4,1187,n/a,-,AvA_1211_5_3_1_matched,,5744.799,1437.208,4,1.8,1.8,1,4.49,1.35,1.35,0.22,0.03,0.39,0.39,0,0.04,448,0,0.9,0.18,18.53,0,,Mono_Xlinks.csv
1,VLEGHTDFINGLVFDPKEGQEIASVSDDHTCR-K17-156,sp|Q8NFH4|NUP37_HUMAN,-,monolink,monolink,AvA_1211_5_3_2.09263.09263.4_AvA_1211_5_3_2.09509.09509.4,135,n/a,-,AvA_1211_5_3_2_matched,,3740.78,936.203,4,4.5,4.5,1,4.47,0.9,0.9,0.11,0.15,0.17,0.17,0,0.03,236,0,1,0.33,16.84,0,,Mono_Xlinks.csv
1,KVSSLFGILSPSSDLTLSSVLWDRER-K1-156,sp|Q8WUM0|NU133_HUMAN,-,monolink,monolink,AvA_1211_5_3_2.10598.10598.4_AvA_1211_5_3_2.10594.10594.4,258,n/a,-,AvA_1211_5_3_2_matched,,3047.61,762.91,4,-2.7,2.7,1,4.07,0.87,0.87,0.1,0.2,0.2,0.2,0,0.04,138,0,1.8,0.39,15.47,0,,Mono_Xlinks.csv
1,NNRLGSALSWSIRAKDAAFATLVSDR-K15-156,sp|Q9BW27|NUP85_HUMAN,-,monolink,monolink,AvA_1211_5_3_1.05547.05547.6_AvA_1211_5_3_1.06423.06423.6,494,n/a,-,AvA_1211_5_3_1_matched,,2974.559,496.768,6,-1.3,1.3,2,4.47,0.31,0.31,0.03,0.25,0.03,0.03,0,0.01,20,0,1.8,0.91,14.61,0,,Mono_Xlinks.csv
1,LWKEEEDGQWKEEQKLEAHSDWVR-K15-155,sp|P55735|SEC13_HUMAN,-,monolink,monolink,AvA_1211_5_3_2.07651.07651.4_AvA_1211_5_3_2.07335.07335.4,207,n/a,-,AvA_1211_5_3_2_matched,,3209.533,803.391,4,-3.2,3.2,1,2.86,1.11,1.11,0.05,0.08,0.1,0.1,0,0.02,340,0,1.2,0,13.91,0,,Mono_Xlinks.csv
1,MNLTQLYGSNTAGYIVCRGVHKIASTR-K22-156,sp|Q12769|NU160_HUMAN,-,monolink,monolink,AvA_1211_5_3_2.09767.09767.4_AvA_1211_5_3_2.08888.08888.4,722,n/a,-,AvA_1211_5_3_2_matched,,3165.614,792.411,4,2.3,2.3,1,2.99,0.98,0.98,0.12,0.05,0.07,0.07,0,0.01,256,0,0.6,0.79,12.07,0.043,,Mono_Xlinks.csv
1,RPVHGESDTEQLQDDDIETTKVEMLR-K21-156,sp|Q9BW27|NUP85_HUMAN,-,monolink,monolink,AvA_1211_5_2_1.07909.07909.4_AvA_1211_5_2_1.07891.07891.4,631,n/a,-,AvA_1211_5_2_1_matched,,3196.517,800.137,4,-0.8,0.8,8,11.48,3.62,3.62,0.25,0.31,0.4,0.4,0,0.08,738,0,8,0,44.09,0,,Mono_Xlinks.csv
1,RPVHGESDTEQLQDDDIETTKVEMLR-K21-155,sp|Q9BW27|NUP85_HUMAN,-,monolink,monolink,AvA_1211_5_2_2.07366.07366.3_AvA_1211_5_2_2.07344.07344.3,631,n/a,-,AvA_1211_5_2_2_matched,,3195.534,1066.186,3,-0.9,0.9,2,9.28,2.8,2.8,0.29,0.21,0.42,0.42,0,0.08,776,0,9.2,0.1,38.47,0,,Mono_Xlinks.csv
1,AHEAEMWEVHFHPSNPEHLFTCSEDGSLWHWDASTDVPEKSSLFHQGGR-K40-156,sp|Q8NFH3|NUP43_HUMAN,-,monolink,monolink,AvA_1211_5_2_1.08347.08347.6_AvA_1211_5_2_1.08328.08328.6,298,n/a,-,AvA_1211_5_2_1_matched,,5869.607,979.276,6,1,1,2,10.92,3.28,3.28,0.2,0.24,0.28,0.28,0,0.03,524,0,1.7,0,36.92,0,,Mono_Xlinks.csv
1,TCIFKHHLDLGHNSQAYEALTQIPDSSR-K5-156,sp|Q12769|NU160_HUMAN,-,monolink,monolink,AvA_1211_5_2_2.07691.07691.4_AvA_1211_5_2_2.07670.07670.4,1006,n/a,-,AvA_1211_5_2_2_matched,,3393.642,849.418,4,0.3,0.3,3,9.92,2.37,2.37,0.21,0.12,0.53,0.53,0,0.1,682,0,7,0,36.08,0,,Mono_Xlinks.csv
1,RPVHGESDTEQLQDDDIETTKVEMLRLSLAR-K21-156,sp|Q9BW27|NUP85_HUMAN,-,monolink,monolink,AvA_1211_5_2_2.07343.07343.4_AvA_1211_5_2_2.07319.07319.4,631,n/a,-,AvA_1211_5_2_2_matched,,3736.858,935.222,4,0.2,0.2,2,10.96,1.86,1.86,0.1,0.28,0.28,0.28,0,0.05,316,0,4.4,0.26,34.2,0,,Mono_Xlinks.csv
1,LIPESSGKIHQHILPQGQGMLSGIGR-K8-156,sp|Q8WUM0|NU133_HUMAN,-,monolink,monolink,AvA_1211_5_2_1.07543.07543.4_AvA_1211_5_2_1.07521.07521.4,239,n/a,-,AvA_1211_5_2_1_matched,,2908.561,728.148,4,0.6,0.6,2,11.51,1.49,1.49,0.21,0.25,0.45,0.45,0,0.09,238,0,7.7,0.36,33.99,0,,Mono_Xlinks.csv
1,LIRPEYAWIVQPVSGAVYDRPGASPKR-K26-156,sp|Q12769|NU160_HUMAN,-,monolink,monolink,AvA_1211_5_2_2.08167.08167.4_AvA_1211_5_2_2.08169.08169.4,1159,n/a,-,AvA_1211_5_2_2_matched,,3180.706,796.184,4,-0.6,0.6,2,11.5,1.3,1.3,0.19,0.24,0.58,0.58,0,0.11,238,0,5.8,0.26,33.85,0,,Mono_Xlinks.csv
1,LIRPEYAWIVQPVSGAVYDRPGASPKRNHDGECTAAPTNR-K26-156,sp|Q12769|NU160_HUMAN,-,monolink,monolink,AvA_1211_5_2_2.07502.07502.6_AvA_1211_5_2_2.07460.07460.6,1159,n/a,-,AvA_1211_5_2_2_matched,,4604.303,768.392,6,1,1,5,9.95,0.57,0.57,0.08,0.31,0.21,0.21,0,0.03,85,0,3.4,0.32,28.2,0,,Mono_Xlinks.csv
1,LKHSTVHVDELCPLIVPNLGVAVIHDYADWVK-K2-156,sp|P52948|NUP98_HUMAN,-,monolink,monolink,AvA_1211_5_2_2.09013.09013.5_AvA_1211_5_2_2.09012.09012.5,1224,n/a,-,AvA_1211_5_2_2_matched,,3792.998,759.607,5,1.8,1.8,1,9.92,0.88,0.88,0.18,0.25,0.16,0.16,0,0.02,72,0,6.6,0.31,27,0,,Mono_Xlinks.csv
1,IDEELTGKSRKSQLVR-K8-156,sp|Q9BW27|NUP85_HUMAN,-,monolink,monolink,AvA_1211_5_2_2.04879.04879.3_AvA_1211_5_2_2.04852.04852.3,92,n/a,-,AvA_1211_5_2_2_matched,,2014.109,672.377,3,1.3,1.3,1,7.87,1.32,1.32,0.16,0.11,0.23,0.23,0,0.07,255,0,3.1,0.91,23.73,0,,Mono_Xlinks.csv
1,VGWGPNWTLANSGEQLNGSHELENHQIADSMEFGFLPNPVAVKPLTESPFK-K43-155,sp|P52948|NUP98_HUMAN,-,monolink,monolink,AvA_1211_5_2_2.09033.09033.4_AvA_1211_5_2_2.09021.09021.4,1187,n/a,-,AvA_1211_5_2_2_matched,,5743.804,1436.959,4,-0.4,0.4,1,4.07,1.84,1.84,0.23,0.06,0.29,0.29,0,0.03,477,0,0.6,0.18,18.75,0,,Mono_Xlinks.csv
1,GKLLSQPISQHGQLANFLQAHEHLSWLHEINSQELEK-K2-156,sp|Q8WUM0|NU133_HUMAN,-,monolink,monolink,AvA_1211_5_2_1.08304.08304.5_AvA_1211_5_2_1.08305.08305.5,913,n/a,-,AvA_1211_5_2_1_matched,,4415.278,884.063,5,2.7,2.7,1,4.39,0.61,0.61,0.02,0.25,0.1,0.1,0,0.01,102,0,1.2,0.45,15.92,0,,Mono_Xlinks.csv
