NaryGroup,Protein1,LinkPos1,Protein2,LinkPos2,Confidence
Pol II,sp|P04050|Rpb1,34,sp|P04050|Rpb1,49,High
Pol II,sp|P04050|Rpb1,101,sp|P04050|Rpb1,143,High
Pol II,sp|P04050|Rpb1,101,sp|P04050|Rpb1,176,High
Pol II,sp|P04050|Rpb1,143,sp|P04050|Rpb1,187,High
Pol II,sp|P04050|Rpb1,368,sp|P04050|Rpb1,461,High
Pol II,sp|P04050|Rpb1,372,sp|P04050|Rpb1,403,High
Pol II,sp|P04050|Rpb1,461,sp|P04050|Rpb1,637,High
Pol II,sp|P04050|Rpb1,461,sp|P04050|Rpb1,644,High
Pol II,sp|P04050|Rpb1,688,sp|P04050|Rpb1,728,High
Pol II,sp|P04050|Rpb1,689,sp|P04050|Rpb1,705,High
Pol II,sp|P04050|Rpb1,689,sp|P04050|Rpb1,728,High
Pol II,sp|P04050|Rpb1,705,sp|P04050|Rpb1,1093,High
Pol II,sp|P04050|Rpb1,705,sp|P04050|Rpb1,1132,High
Pol II,sp|P04050|Rpb1,705,sp|P04050|Rpb1,1286,High
Pol II,sp|P04050|Rpb1,773,sp|P04050|Rpb1,1093,High
Pol II,sp|P04050|Rpb1,773,sp|P04050|Rpb1,1112,High
Pol II,sp|P04050|Rpb1,830,sp|P04050|Rpb1,1093,High
Pol II,sp|P04050|Rpb1,830,sp|P04050|Rpb1,1102,High
Pol II,sp|P04050|Rpb1,830,sp|P04050|Rpb1,1112,High
Pol II,sp|P04050|Rpb1,934,sp|P04050|Rpb1,941,High
Pol II,sp|P04050|Rpb1,938,sp|P04050|Rpb1,991,High
Pol II,sp|P04050|Rpb1,1093,sp|P04050|Rpb1,1102,High
Pol II,sp|P04050|Rpb1,1093,sp|P04050|Rpb1,1112,High
Pol II,sp|P04050|Rpb1,1102,sp|P04050|Rpb1,1112,High
Pol II,sp|P04050|Rpb1,1132,sp|P04050|Rpb1,1205,High
Pol II,sp|P04050|Rpb1,1132,sp|P04050|Rpb1,1286,High
Pol II,sp|P04050|Rpb1,1217,sp|P04050|Rpb1,1246,High
Pol II,sp|P04050|Rpb1,1221,sp|P04050|Rpb1,1246,High
Pol II,sp|P04050|Rpb1,1221,sp|P04050|Rpb1,1262,High
Pol II,sp|P04050|Rpb1,1246,sp|P04050|Rpb1,1262,High
Pol II,sp|P08518|Rpb2,99,sp|P08518|Rpb2,164,High
Pol II,sp|P08518|Rpb2,99,sp|P08518|Rpb2,191,High
Pol II,sp|P08518|Rpb2,228,sp|P08518|Rpb2,246,High
Pol II,sp|P08518|Rpb2,228,sp|P08518|Rpb2,257,High
Pol II,sp|P08518|Rpb2,228,sp|P08518|Rpb2,270,High
Pol II,sp|P08518|Rpb2,228,sp|P08518|Rpb2,277,High
Pol II,sp|P08518|Rpb2,228,sp|P08518|Rpb2,507,High
Pol II,sp|P08518|Rpb2,228,sp|P08518|Rpb2,510,High
Pol II,sp|P08518|Rpb2,246,sp|P08518|Rpb2,358,High
Pol II,sp|P08518|Rpb2,246,sp|P08518|Rpb2,426,High
Pol II,sp|P08518|Rpb2,345,sp|P08518|Rpb2,353,High
Pol II,sp|P08518|Rpb2,358,sp|P08518|Rpb2,422,High
Pol II,sp|P08518|Rpb2,422,sp|P08518|Rpb2,426,High
Pol II,sp|P08518|Rpb2,426,sp|P08518|Rpb2,471,High
Pol II,sp|P08518|Rpb2,606,sp|P08518|Rpb2,652,High
Pol II,sp|P08518|Rpb2,864,sp|P08518|Rpb2,934,High
Pol II,sp|P08518|Rpb2,876,sp|P08518|Rpb2,886,High
Pol II,sp|P08518|Rpb2,934,sp|P08518|Rpb2,972,High
Pol II,sp|P08518|Rpb2,979,sp|P08518|Rpb2,987,High
Pol II,sp|P08518|Rpb2,979,sp|P08518|Rpb2,1102,High
Pol II,sp|P16370|Rpb3,15,sp|P16370|Rpb3,137,High
Pol II,sp|P20433|Rpb4,60,sp|P20433|Rpb4,71,High
Pol II,sp|P20433|Rpb4,60,sp|P20433|Rpb4,121,High
Pol II,sp|P20433|Rpb4,60,sp|P20433|Rpb4,142,High
Pol II,sp|P20434|Rpb5,20,sp|P20434|Rpb5,45,High
Pol II,sp|P20434|Rpb5,161,sp|P20434|Rpb5,171,High
Pol II,sp|P20434|Rpb5,161,sp|P20434|Rpb5,191,High
Pol II,sp|P20434|Rpb5,166,sp|P20434|Rpb5,171,High
Pol II,sp|P20434|Rpb5,191,sp|P20434|Rpb5,197,High
Pol II,sp|P20435|Rpb6,123,sp|P20435|Rpb6,129,High
Pol II,sp|P38902|Rpb11,20,sp|P38902|Rpb11,37,High
Pol II,sp|P38902|Rpb11,55,sp|P38902|Rpb11,84,High
Pol II,sp|P38902|Rpb11,55,sp|P38902|Rpb11,88,High
Pol II,sp|P40422|Rpb12,28,sp|P40422|Rpb12,49,High
Pol II,sp|P04050|Rpb1,330,sp|P08518|Rpb2,507,High
Pol II,sp|P04050|Rpb1,332,sp|P08518|Rpb2,507,High
Pol II,sp|P04050|Rpb1,343,sp|P08518|Rpb2,864,High
Pol II,sp|P04050|Rpb1,343,sp|P08518|Rpb2,886,High
Pol II,sp|P04050|Rpb1,372,sp|P08518|Rpb2,886,High
Pol II,sp|P04050|Rpb1,1093,sp|P08518|Rpb2,507,High
Pol II,sp|P04050|Rpb1,1102,sp|P08518|Rpb2,507,High
Pol II,sp|P04050|Rpb1,1112,sp|P08518|Rpb2,507,High
Pol II,sp|P04050|Rpb1,15,sp|P20433|Rpb4,1,High
Pol II,sp|P04050|Rpb1,129,sp|P20433|Rpb4,1,High
Pol II,sp|P04050|Rpb1,1003,sp|P20433|Rpb4,1,High
Pol II,sp|P04050|Rpb1,15,sp|P20434|Rpb5,171,High
Pol II,sp|P04050|Rpb1,129,sp|P20434|Rpb5,161,High
Pol II,sp|P04050|Rpb1,129,sp|P20434|Rpb5,171,High
Pol II,sp|P04050|Rpb1,934,sp|P20434|Rpb5,201,High
Pol II,sp|P04050|Rpb1,938,sp|P20434|Rpb5,201,High
Pol II,sp|P04050|Rpb1,1003,sp|P20434|Rpb5,166,High
Pol II,sp|P04050|Rpb1,129,sp|P20435|Rpb6,67,High
Pol II,sp|P04050|Rpb1,1003,sp|P20435|Rpb6,76,High
Pol II,sp|P04050|Rpb1,15,sp|P34087|Rpb7,73,High
Pol II,sp|P04050|Rpb1,1246,sp|P27999|Rpb9,20,High
Pol II,sp|P04050|Rpb1,637,sp|P38902|Rpb11,20,High
Pol II,sp|P04050|Rpb1,637,sp|P38902|Rpb11,26,High
Pol II,sp|P04050|Rpb1,644,sp|P38902|Rpb11,20,High
Pol II,sp|P04050|Rpb1,644,sp|P38902|Rpb11,26,High
Pol II,sp|P08518|Rpb2,191,sp|P16370|Rpb3,149,High
Pol II,sp|P08518|Rpb2,1057,sp|P16370|Rpb3,199,High
Pol II,sp|P08518|Rpb2,1188,sp|P20433|Rpb4,1,High
Pol II,sp|P08518|Rpb2,177,sp|P22139|Rpb10,68,High
Pol II,sp|P08518|Rpb2,191,sp|P22139|Rpb10,68,High
Pol II,sp|P08518|Rpb2,813,sp|P22139|Rpb10,59,High
Pol II,sp|P16370|Rpb3,149,sp|P22139|Rpb10,68,High
Pol II,sp|P16370|Rpb3,154,sp|P22139|Rpb10,68,High
Pol II,sp|P16370|Rpb3,160,sp|P38902|Rpb11,37,High
Pol II,sp|P16370|Rpb3,154,sp|P40422|Rpb12,62,High
Pol II,sp|P20433|Rpb4,1,sp|P20434|Rpb5,171,High
Pol II,sp|P20433|Rpb4,1,sp|P20435|Rpb6,72,High
Pol II,sp|P20433|Rpb4,1,sp|P34087|Rpb7,29,High
Pol II,sp|P20433|Rpb4,1,sp|P34087|Rpb7,73,High
Pol II,sp|P20434|Rpb5,166,sp|P20435|Rpb6,67,High
Pol II,sp|P20434|Rpb5,171,sp|P20435|Rpb6,46,High
Pol II,sp|P20434|Rpb5,171,sp|P20435|Rpb6,67,High
Pol II,sp|P20434|Rpb5,171,sp|P20435|Rpb6,72,High
Pol II,sp|P20435|Rpb6,72,sp|P34087|Rpb7,73,High
Pol II - TFIIF,sp|P41895|Tfg1,23,sp|P41895|Tfg1,61,High
Pol II - TFIIF,sp|P41895|Tfg1,23,sp|P41895|Tfg1,126,High
Pol II - TFIIF,sp|P41895|Tfg1,60,sp|P41895|Tfg1,72,High
Pol II - TFIIF,sp|P41895|Tfg1,60,sp|P41895|Tfg1,89,High
Pol II - TFIIF,sp|P41895|Tfg1,60,sp|P41895|Tfg1,108,High
Pol II - TFIIF,sp|P41895|Tfg1,61,sp|P41895|Tfg1,72,High
Pol II - TFIIF,sp|P41895|Tfg1,61,sp|P41895|Tfg1,89,High
Pol II - TFIIF,sp|P41895|Tfg1,61,sp|P41895|Tfg1,108,High
Pol II - TFIIF,sp|P41895|Tfg1,72,sp|P41895|Tfg1,89,High
Pol II - TFIIF,sp|P41895|Tfg1,72,sp|P41895|Tfg1,91,High
Pol II - TFIIF,sp|P41895|Tfg1,120,sp|P41895|Tfg1,394,High
Pol II - TFIIF,sp|P41895|Tfg1,120,sp|P41895|Tfg1,400,High
Pol II - TFIIF,sp|P41895|Tfg1,124,sp|P41895|Tfg1,394,High
Pol II - TFIIF,sp|P41895|Tfg1,126,sp|P41895|Tfg1,142,High
Pol II - TFIIF,sp|P41895|Tfg1,126,sp|P41895|Tfg1,426,High
Pol II - TFIIF,sp|P41895|Tfg1,161,sp|P41895|Tfg1,169,High
Pol II - TFIIF,sp|P41895|Tfg1,169,sp|P41895|Tfg1,184,High
Pol II - TFIIF,sp|P41895|Tfg1,169,sp|P41895|Tfg1,195,High
Pol II - TFIIF,sp|P41895|Tfg1,169,sp|P41895|Tfg1,289,High
Pol II - TFIIF,sp|P41895|Tfg1,169,sp|P41895|Tfg1,416,High
Pol II - TFIIF,sp|P41895|Tfg1,169,sp|P41895|Tfg1,426,High
Pol II - TFIIF,sp|P41895|Tfg1,333,sp|P41895|Tfg1,426,High
Pol II - TFIIF,sp|P41895|Tfg1,394,sp|P41895|Tfg1,400,High
Pol II - TFIIF,sp|P41895|Tfg1,394,sp|P41895|Tfg1,426,High
Pol II - TFIIF,sp|P41895|Tfg1,400,sp|P41895|Tfg1,416,High
Pol II - TFIIF,sp|P41895|Tfg1,400,sp|P41895|Tfg1,426,High
Pol II - TFIIF,sp|P41895|Tfg1,411,sp|P41895|Tfg1,416,High
Pol II - TFIIF,sp|P41895|Tfg1,411,sp|P41895|Tfg1,426,High
Pol II - TFIIF,sp|P41895|Tfg1,411,sp|P41895|Tfg1,527,High
Pol II - TFIIF,sp|P41895|Tfg1,415,sp|P41895|Tfg1,426,High
Pol II - TFIIF,sp|P41895|Tfg1,416,sp|P41895|Tfg1,426,High
Pol II - TFIIF,sp|P41895|Tfg1,426,sp|P41895|Tfg1,527,High
Pol II - TFIIF,sp|P41895|Tfg1,527,sp|P41895|Tfg1,537,High
Pol II - TFIIF,sp|P41895|Tfg1,527,sp|P41895|Tfg1,574,High
Pol II - TFIIF,sp|P41895|Tfg1,527,sp|P41895|Tfg1,575,High
Pol II - TFIIF,sp|P41895|Tfg1,527,sp|P41895|Tfg1,614,High
Pol II - TFIIF,sp|P41895|Tfg1,527,sp|P41895|Tfg1,724,High
Pol II - TFIIF,sp|P41895|Tfg1,604,sp|P41895|Tfg1,625,High
Pol II - TFIIF,sp|P41895|Tfg1,704,sp|P41895|Tfg1,719,High
Pol II - TFIIF,sp|P41895|Tfg1,711,sp|P41895|Tfg1,719,High
Pol II - TFIIF,sp|P41895|Tfg1,712,sp|P41895|Tfg1,720,High
Pol II - TFIIF,sp|P41895|Tfg1,719,sp|P41895|Tfg1,724,High
Pol II - TFIIF,sp|P41895|Tfg1,720,sp|P41895|Tfg1,733,High
Pol II - TFIIF,sp|P41896|Tfg2,80,sp|P41896|Tfg2,245,High
Pol II - TFIIF,sp|P41896|Tfg2,80,sp|P41896|Tfg2,279,High
Pol II - TFIIF,sp|P41896|Tfg2,80,sp|P41896|Tfg2,319,High
Pol II - TFIIF,sp|P41896|Tfg2,94,sp|P41896|Tfg2,99,High
Pol II - TFIIF,sp|P41896|Tfg2,99,sp|P41896|Tfg2,127,High
Pol II - TFIIF,sp|P41896|Tfg2,142,sp|P41896|Tfg2,147,High
Pol II - TFIIF,sp|P41896|Tfg2,142,sp|P41896|Tfg2,156,High
Pol II - TFIIF,sp|P41896|Tfg2,142,sp|P41896|Tfg2,172,High
Pol II - TFIIF,sp|P41896|Tfg2,142,sp|P41896|Tfg2,186,High
Pol II - TFIIF,sp|P41896|Tfg2,142,sp|P41896|Tfg2,206,High
Pol II - TFIIF,sp|P41896|Tfg2,147,sp|P41896|Tfg2,163,High
Pol II - TFIIF,sp|P41896|Tfg2,147,sp|P41896|Tfg2,164,High
Pol II - TFIIF,sp|P41896|Tfg2,148,sp|P41896|Tfg2,163,High
Pol II - TFIIF,sp|P41896|Tfg2,148,sp|P41896|Tfg2,185,High
Pol II - TFIIF,sp|P41896|Tfg2,163,sp|P41896|Tfg2,359,High
Pol II - TFIIF,sp|P41896|Tfg2,172,sp|P41896|Tfg2,186,High
Pol II - TFIIF,sp|P41896|Tfg2,179,sp|P41896|Tfg2,186,High
Pol II - TFIIF,sp|P41896|Tfg2,179,sp|P41896|Tfg2,206,High
Pol II - TFIIF,sp|P41896|Tfg2,245,sp|P41896|Tfg2,279,High
Pol II - TFIIF,sp|P41896|Tfg2,245,sp|P41896|Tfg2,290,High
Pol II - TFIIF,sp|P41896|Tfg2,245,sp|P41896|Tfg2,319,High
Pol II - TFIIF,sp|P41896|Tfg2,249,sp|P41896|Tfg2,279,High
Pol II - TFIIF,sp|P41896|Tfg2,249,sp|P41896|Tfg2,357,High
Pol II - TFIIF,sp|P41896|Tfg2,279,sp|P41896|Tfg2,279,High
Pol II - TFIIF,sp|P41896|Tfg2,279,sp|P41896|Tfg2,286,High
Pol II - TFIIF,sp|P41896|Tfg2,279,sp|P41896|Tfg2,297,High
Pol II - TFIIF,sp|P41896|Tfg2,279,sp|P41896|Tfg2,316,High
Pol II - TFIIF,sp|P41896|Tfg2,279,sp|P41896|Tfg2,319,High
Pol II - TFIIF,sp|P41896|Tfg2,279,sp|P41896|Tfg2,341,High
Pol II - TFIIF,sp|P41896|Tfg2,279,sp|P41896|Tfg2,357,High
Pol II - TFIIF,sp|P41896|Tfg2,279,sp|P41896|Tfg2,359,High
Pol II - TFIIF,sp|P41896|Tfg2,286,sp|P41896|Tfg2,319,High
Pol II - TFIIF,sp|P41896|Tfg2,290,sp|P41896|Tfg2,319,High
Pol II - TFIIF,sp|P41896|Tfg2,296,sp|P41896|Tfg2,335,High
Pol II - TFIIF,sp|P41896|Tfg2,296,sp|P41896|Tfg2,357,High
Pol II - TFIIF,sp|P41896|Tfg2,296,sp|P41896|Tfg2,359,High
Pol II - TFIIF,sp|P41896|Tfg2,297,sp|P41896|Tfg2,335,High
Pol II - TFIIF,sp|P41896|Tfg2,297,sp|P41896|Tfg2,359,High
Pol II - TFIIF,sp|P41896|Tfg2,319,sp|P41896|Tfg2,330,High
Pol II - TFIIF,sp|P41896|Tfg2,330,sp|P41896|Tfg2,342,High
Pol II - TFIIF,sp|P41896|Tfg2,335,sp|P41896|Tfg2,357,High
Pol II - TFIIF,sp|P41896|Tfg2,335,sp|P41896|Tfg2,359,High
Pol II - TFIIF,sp|P41896|Tfg2,342,sp|P41896|Tfg2,359,High
Pol II - TFIIF,sp|P41896|Tfg2,356,sp|P41896|Tfg2,359,High
Pol II - TFIIF,sp|P35189|Tfg3,100,sp|P35189|Tfg3,166,High
Pol II - TFIIF,sp|P35189|Tfg3,149,sp|P35189|Tfg3,161,High
Pol II - TFIIF,sp|P35189|Tfg3,149,sp|P35189|Tfg3,166,High
Pol II - TFIIF,sp|P35189|Tfg3,149,sp|P35189|Tfg3,181,High
Pol II - TFIIF,sp|P35189|Tfg3,161,sp|P35189|Tfg3,166,High
Pol II - TFIIF,sp|P35189|Tfg3,166,sp|P35189|Tfg3,181,High
Pol II - TFIIF,sp|P35189|Tfg3,166,sp|P35189|Tfg3,240,High
Pol II - TFIIF,sp|P35189|Tfg3,181,sp|P35189|Tfg3,240,High
Pol II - TFIIF,sp|P41895|Tfg1,60,sp|P41896|Tfg2,235,High
Pol II - TFIIF,sp|P41895|Tfg1,60,sp|P41896|Tfg2,245,High
Pol II - TFIIF,sp|P41895|Tfg1,60,sp|P41896|Tfg2,249,High
Pol II - TFIIF,sp|P41895|Tfg1,61,sp|P41896|Tfg2,99,High
Pol II - TFIIF,sp|P41895|Tfg1,61,sp|P41896|Tfg2,235,High
Pol II - TFIIF,sp|P41895|Tfg1,61,sp|P41896|Tfg2,245,High
Pol II - TFIIF,sp|P41895|Tfg1,61,sp|P41896|Tfg2,249,High
Pol II - TFIIF,sp|P41895|Tfg1,72,sp|P41896|Tfg2,235,High
Pol II - TFIIF,sp|P41895|Tfg1,89,sp|P41896|Tfg2,94,High
Pol II - TFIIF,sp|P41895|Tfg1,89,sp|P41896|Tfg2,99,High
Pol II - TFIIF,sp|P41895|Tfg1,89,sp|P41896|Tfg2,103,High
Pol II - TFIIF,sp|P41895|Tfg1,89,sp|P41896|Tfg2,235,High
Pol II - TFIIF,sp|P41895|Tfg1,91,sp|P41896|Tfg2,103,High
Pol II - TFIIF,sp|P41895|Tfg1,108,sp|P41896|Tfg2,147,High
Pol II - TFIIF,sp|P41895|Tfg1,108,sp|P41896|Tfg2,156,High
Pol II - TFIIF,sp|P41895|Tfg1,108,sp|P41896|Tfg2,279,High
Pol II - TFIIF,sp|P41895|Tfg1,108,sp|P41896|Tfg2,319,High
Pol II - TFIIF,sp|P41895|Tfg1,124,sp|P41896|Tfg2,127,High
Pol II - TFIIF,sp|P41895|Tfg1,125,sp|P41896|Tfg2,127,High
Pol II - TFIIF,sp|P41895|Tfg1,126,sp|P41896|Tfg2,127,High
Pol II - TFIIF,sp|P41895|Tfg1,126,sp|P41896|Tfg2,279,High
Pol II - TFIIF,sp|P41895|Tfg1,142,sp|P41896|Tfg2,80,High
Pol II - TFIIF,sp|P41895|Tfg1,333,sp|P41896|Tfg2,142,High
Pol II - TFIIF,sp|P41895|Tfg1,333,sp|P41896|Tfg2,179,High
Pol II - TFIIF,sp|P41895|Tfg1,333,sp|P41896|Tfg2,290,High
Pol II - TFIIF,sp|P41895|Tfg1,333,sp|P41896|Tfg2,297,High
Pol II - TFIIF,sp|P41895|Tfg1,394,sp|P41896|Tfg2,127,High
Pol II - TFIIF,sp|P41895|Tfg1,394,sp|P41896|Tfg2,245,High
Pol II - TFIIF,sp|P41895|Tfg1,394,sp|P41896|Tfg2,279,High
Pol II - TFIIF,sp|P41895|Tfg1,426,sp|P41896|Tfg2,279,High
Pol II - TFIIF,sp|P41895|Tfg1,426,sp|P41896|Tfg2,357,High
Pol II - TFIIF,sp|P41896|Tfg2,359,sp|P35189|Tfg3,166,High
Pol II - TFIIF,sp|P41895|Tfg1,426,sp|P35189|Tfg3,166,High
Pol II - TFIIF,sp|P41895|Tfg1,527,sp|P35189|Tfg3,149,High
Pol II - TFIIF,sp|P41895|Tfg1,527,sp|P35189|Tfg3,166,High
Pol II - TFIIF,sp|P41895|Tfg1,527,sp|P35189|Tfg3,181,High
Pol II - TFIIF,sp|P41895|Tfg1,614,sp|P35189|Tfg3,149,High
Pol II - TFIIF,sp|P41895|Tfg1,614,sp|P35189|Tfg3,166,High
Pol II - TFIIF,sp|P41895|Tfg1,23,sp|P08518|Rpb2,1057,High
Pol II - TFIIF,sp|P41895|Tfg1,60,sp|P08518|Rpb2,606,High
Pol II - TFIIF,sp|P41895|Tfg1,61,sp|P08518|Rpb2,606,High
Pol II - TFIIF,sp|P41895|Tfg1,61,sp|P08518|Rpb2,652,High
Pol II - TFIIF,sp|P41895|Tfg1,72,sp|P08518|Rpb2,606,High
Pol II - TFIIF,sp|P41895|Tfg1,89,sp|P08518|Rpb2,606,High
Pol II - TFIIF,sp|P41895|Tfg1,333,sp|P08518|Rpb2,87,High
Pol II - TFIIF,sp|P41895|Tfg1,333,sp|P08518|Rpb2,133,High
Pol II - TFIIF,sp|P41895|Tfg1,333,sp|P08518|Rpb2,358,High
Pol II - TFIIF,sp|P41895|Tfg1,333,sp|P08518|Rpb2,422,High
Pol II - TFIIF,sp|P41895|Tfg1,333,sp|P08518|Rpb2,426,High
Pol II - TFIIF,sp|P41895|Tfg1,340,sp|P08518|Rpb2,87,High
Pol II - TFIIF,sp|P41895|Tfg1,340,sp|P08518|Rpb2,358,High
Pol II - TFIIF,sp|P41895|Tfg1,394,sp|P08518|Rpb2,228,High
Pol II - TFIIF,sp|P41895|Tfg1,394,sp|P08518|Rpb2,353,High
Pol II - TFIIF,sp|P41895|Tfg1,411,sp|P27999|Rpb9,20,High
Pol II - TFIIF,sp|P41895|Tfg1,411,sp|P08518|Rpb2,270,High
Pol II - TFIIF,sp|P41895|Tfg1,411,sp|P08518|Rpb2,344,High
Pol II - TFIIF,sp|P41895|Tfg1,416,sp|P04050|Rpb1,186,High
Pol II - TFIIF,sp|P41895|Tfg1,416,sp|P08518|Rpb2,270,High
Pol II - TFIIF,sp|P41895|Tfg1,416,sp|P08518|Rpb2,277,High
Pol II - TFIIF,sp|P41895|Tfg1,416,sp|P04050|Rpb1,1262,High
Pol II - TFIIF,sp|P41895|Tfg1,426,sp|P27999|Rpb9,20,High
Pol II - TFIIF,sp|P41895|Tfg1,426,sp|P04050|Rpb1,143,High
Pol II - TFIIF,sp|P41895|Tfg1,426,sp|P04050|Rpb1,176,High
Pol II - TFIIF,sp|P41895|Tfg1,426,sp|P08518|Rpb2,228,High
Pol II - TFIIF,sp|P41895|Tfg1,426,sp|P04050|Rpb1,1221,High
Pol II - TFIIF,sp|P41895|Tfg1,426,sp|P04050|Rpb1,1246,High
Pol II - TFIIF,sp|P41895|Tfg1,426,sp|P04050|Rpb1,1262,High
Pol II - TFIIF,sp|P41895|Tfg1,527,sp|P04050|Rpb1,143,High
Pol II - TFIIF,sp|P41895|Tfg1,527,sp|P04050|Rpb1,186,High
Pol II - TFIIF,sp|P41895|Tfg1,527,sp|P08518|Rpb2,277,High
Pol II - TFIIF,sp|P41895|Tfg1,537,sp|P08518|Rpb2,344,High
Pol II - TFIIF,sp|P41895|Tfg1,537,sp|P08518|Rpb2,426,High
Pol II - TFIIF,sp|P41895|Tfg1,614,sp|P04050|Rpb1,49,High
Pol II - TFIIF,sp|P41896|Tfg2,142,sp|P08518|Rpb2,87,High
Pol II - TFIIF,sp|P41896|Tfg2,142,sp|P08518|Rpb2,148,High
Pol II - TFIIF,sp|P41896|Tfg2,179,sp|P08518|Rpb2,344,High
Pol II - TFIIF,sp|P41896|Tfg2,186,sp|P08518|Rpb2,344,High
Pol II - TFIIF,sp|P41896|Tfg2,206,sp|P08518|Rpb2,344,High
Pol II - TFIIF,sp|P41896|Tfg2,235,sp|P08518|Rpb2,606,High
Pol II - TFIIF,sp|P41896|Tfg2,245,sp|P08518|Rpb2,87,High
Pol II - TFIIF,sp|P41896|Tfg2,245,sp|P08518|Rpb2,246,High
Pol II - TFIIF,sp|P41896|Tfg2,245,sp|P08518|Rpb2,606,High
Pol II - TFIIF,sp|P41896|Tfg2,249,sp|P08518|Rpb2,246,High
Pol II - TFIIF,sp|P41896|Tfg2,279,sp|P04050|Rpb1,49,High
Pol II - TFIIF,sp|P41896|Tfg2,279,sp|P22139|Rpb10,68,High
Pol II - TFIIF,sp|P41896|Tfg2,279,sp|P08518|Rpb2,99,High
Pol II - TFIIF,sp|P41896|Tfg2,279,sp|P08518|Rpb2,133,High
Pol II - TFIIF,sp|P41896|Tfg2,279,sp|P16370|Rpb3,149,High
Pol II - TFIIF,sp|P41896|Tfg2,279,sp|P08518|Rpb2,191,High
Pol II - TFIIF,sp|P41896|Tfg2,279,sp|P08518|Rpb2,426,High
Pol II - TFIIF,sp|P41896|Tfg2,279,sp|P08518|Rpb2,445,High
Pol II - TFIIF,sp|P41896|Tfg2,279,sp|P08518|Rpb2,471,High
Pol II - TFIIF,sp|P41896|Tfg2,279,sp|P08518|Rpb2,864,High
Pol II - TFIIF,sp|P41896|Tfg2,279,sp|P08518|Rpb2,865,High
Pol II - TFIIF,sp|P41896|Tfg2,279,sp|P08518|Rpb2,934,High
Pol II - TFIIF,sp|P41896|Tfg2,290,sp|P04050|Rpb1,49,High
Pol II - TFIIF,sp|P41896|Tfg2,290,sp|P08518|Rpb2,87,High
Pol II - TFIIF,sp|P41896|Tfg2,290,sp|P16370|Rpb3,149,High
Pol II - TFIIF,sp|P41896|Tfg2,290,sp|P08518|Rpb2,426,High
Pol II - TFIIF,sp|P41896|Tfg2,290,sp|P08518|Rpb2,865,High
Pol II - TFIIF,sp|P41896|Tfg2,297,sp|P04050|Rpb1,34,High
Pol II - TFIIF,sp|P41896|Tfg2,297,sp|P04050|Rpb1,49,High
Pol II - TFIIF,sp|P41896|Tfg2,297,sp|P08518|Rpb2,426,High
Pol II - TFIIF,sp|P41896|Tfg2,316,sp|P08518|Rpb2,426,High
Pol II - TFIIF,sp|P41896|Tfg2,319,sp|P08518|Rpb2,87,High
Pol II - TFIIF,sp|P41896|Tfg2,319,sp|P08518|Rpb2,344,High
Pol II - TFIIF,sp|P41896|Tfg2,319,sp|P08518|Rpb2,426,High
Pol II - TFIIF,sp|P41896|Tfg2,330,sp|P08518|Rpb2,864,High
Pol II - TFIIF,sp|P41896|Tfg2,341,sp|P08518|Rpb2,87,High
Pol II - TFIIF,sp|P41896|Tfg2,342,sp|P22139|Rpb10,59,High
Pol II - TFIIF,sp|P41896|Tfg2,342,sp|P08518|Rpb2,426,High
Pol II - TFIIF,sp|P41896|Tfg2,348,sp|P22139|Rpb10,59,High
Pol II - TFIIF,sp|P41896|Tfg2,348,sp|P08518|Rpb2,426,High
Pol II - TFIIF,sp|P41896|Tfg2,348,sp|P08518|Rpb2,813,High
Pol II - TFIIF,sp|P41896|Tfg2,348,sp|P08518|Rpb2,864,High
Pol II - TFIIF,sp|P41896|Tfg2,357,sp|P04050|Rpb1,34,High
Pol II - TFIIF,sp|P41896|Tfg2,357,sp|P04050|Rpb1,49,High
Pol II - TFIIF,sp|P41896|Tfg2,357,sp|P16370|Rpb3,137,High
Pol II - TFIIF,sp|P41896|Tfg2,357,sp|P08518|Rpb2,426,High
Pol II - TFIIF,sp|P41896|Tfg2,357,sp|P08518|Rpb2,864,High
Pol II - TFIIF,sp|P41896|Tfg2,357,sp|P08518|Rpb2,865,High
Pol II - TFIIF,sp|P41896|Tfg2,357,sp|P08518|Rpb2,934,High
Pol II - TFIIF,sp|P41896|Tfg2,359,sp|P04050|Rpb1,49,High
Pol II - TFIIF,sp|P41896|Tfg2,359,sp|P16370|Rpb3,137,High
Pol II - TFIIF,sp|P41896|Tfg2,359,sp|P08518|Rpb2,865,High
Pol II - TFIIF,sp|P35189|Tfg3,166,sp|P04050|Rpb1,212,High
Pol II - TFIIF,sp|P35189|Tfg3,181,sp|P04050|Rpb1,34,High
Pol II - TFIIF,sp|P35189|Tfg3,181,sp|P04050|Rpb1,49,High
Pol II - TFIIF,sp|P35189|Tfg3,240,sp|P04050|Rpb1,49,High
