bait,Id,Protein1,Protein2,LinkPos1,LinkPos2
FR1OP,IKAELR-AEIKR-a2-b4,sp|O95684|FR1OP,sp|Q5VT06|CE350,34,1758
SGOL1,LAAELNKFMLEK-RIDAQHKR-a7-b7,sp|P05165|PCCA,sp|P05166|PCCB,648,60
IGBP1,FMLEKVTEDTSSVLR-RIDAQHKR-a5-b7,sp|P05165|PCCA,sp|P05166|PCCB,653,60
CT2NL,LGGKLSSEDK-LFEMAYKK-a4-b7,sp|P11021|GRP78,sp|P38646|GRP75,585,653
PP4C,MLVDDIGDVTITNDGATILKLLEVEHPAAK-KKGDDQSR-a20-b2,sp|P17987|TCPA,sp|P49368|TCPG,63,529
PP4C,LHPESKDDKHGSYEDAVHSGALND-MIQDGKGDVTITNDGATILK-a6-b6,sp|P17987|TCPA,sp|P50991|TCPD,538,65
PP4C,MLVDDIGDVTITNDGATILKLLEVEHPAAK-IDDIVSGHKK-a20-b9,sp|P17987|TCPA,sp|P49368|TCPG,63,527
2ABG,SQNVMAAASIANIVKSSLGPVGLDK-KVQSGNINAAK-a15-b1,sp|P17987|TCPA,sp|P49368|TCPG,33,21
2ABG,LLEVEHPAAKVLCELADLQDK-KGDDQSR-a10-b1,sp|P17987|TCPA,sp|P49368|TCPG,73,529
2ABG,LHPESKDDKHGSYEDAVHSGALND-IDDIVSGHKK-a9-b9,sp|P17987|TCPA,sp|P49368|TCPG,541,527
2A5E,KLSTIALALGVER-KLEDLELKR-a1-b8,sp|P30153|2AAA,sp|Q16537|2A5E,34,456
2A5E,AVGPEITKTDLVPAFQNLMKDCEAEVR-SQGKPIELTPLPLLK-a20-b4,sp|P30153|2AAA,sp|Q16537|2A5E,292,41
2A5E,KLSTIALALGVER-EREELWKK-a1-b7,sp|P30153|2AAA,sp|Q16537|2A5E,34,448
2A5E,KLSTIALALGVER-KLEDLELKR-a1-b1,sp|P30153|2AAA,sp|Q16537|2A5E,34,449
2A5G,RAAASKLGEFAK-RKSELPQDPHTK-a6-b2,sp|P30153|2AAA,sp|Q13362|2A5G,188; 200,496
2A5G,KLSTIALALGVER-KDRPLAR-a1-b1,sp|P30153|2AAA,sp|Q13362|2A5G,34; 46,488
2A5G,SLQKIGPILDNSTLQSEVKPILEK-IGGKSPDTNYLFMGDYVDR-a4-b4,sp|P30153|2AAA,sp|P67775|PP2AA,546,74
2A5G,SLQKIGPILDNSTLQSEVKPILEK-IGGKSPDTNYLFMGDYVDR-a4-b4,sp|P30153|2AAA,sp|P62714|PP2AB,546,74
2A5G,AISHEHSPSDLEAHFVPLVKR-RKSELPQDPHTK-a20-b2,sp|P30153|2AAA,sp|Q13362|2A5G,133,496
2A5G,FGKEWAHATIIPK-KALEAHCR-a3-b1,sp|P30153|2AAA,sp|Q13362|2A5G,475,507
2A5G,IGPILDNSTLQSEVKPILEKLTQDQDVDVK-KALEAHCR-a20-b1,sp|P30153|2AAA,sp|Q13362|2A5G,566,507
PP2AA,AISHEHSPSDLEAHFVPLVKR-ALEAHKR-a20-b6,sp|P30153|2AAA,sp|Q13362|2A5G,133,589
PP2AA,KLSTIALALGVER-MKEREEMWQK-a1-b2,sp|P30153|2AAA,sp|Q14738|2A5D,34,500
PP2AA,SLQKIGPILDNSTLQSEVKPILEK-VFTKELDQWIEQLNECK-a4-b4,sp|P30153|2AAA,sp|P67775|PP2AA,546,8
PP2AB,LNSIKKLSTIALALGVER-VAALSKAEER-a6-b6,sp|P30153|2AAA,sp|Q13136|LIPA1,34; 46,404
PP2AB,QAAEDKSWR-FNLSKNR-a6-b5,sp|P30153|2AAA,sp|Q14738|2A5D,255,96
PP2AB,KLSTIALALGVER-LKMKER-a1-b4,sp|P30153|2AAA,sp|Q13362|2A5G,34,424
2A5G,KLSTIALALGVER-RKSELPQDPHTK-a1-b2,sp|P30153|2AAA,sp|Q13362|2A5G,34; 46,496
2A5G,AISHEHSPSDLEAHFVPLVKR-KALEAHCR-a20-b1,sp|P30153|2AAA,sp|Q13362|2A5G,133,507
2A5G,DKAVESLR-KDRPLAR-a2-b1,sp|P30153|2AAA,sp|Q13362|2A5G,107; 119,488
2A5G,AAASHKVK-KALEAHCR-a6-b1,sp|P30153|2AAA,sp|Q13362|2A5G,305,507
2A5G,VSSAVKAELR-KALEAHCR-a6-b1,sp|P30153|2AAA,sp|Q13362|2A5G,163,507
2A5G,LGEFAKVLELDNVK-KSELPQDPHTK-a6-b1,sp|P30153|2AAA,sp|Q13362|2A5G,194,496
2A5G,AISHEHSPSDLEAHFVPLVKR-KDRPLAR-a20-b1,sp|P30153|2AAA,sp|Q13362|2A5G,133,488
2A5G,LNSIKKLSTIALALGVER-VAALSKAEER-a5-b6,sp|P30153|2AAA,sp|Q13136|LIPA1,33; 45,404
FR1OP,KLSTIALALGVER-VKNPNNLDEIK-a1-b2,sp|P30153|2AAA,sp|Q5VT06|CE350,34; 46,3013
2A5E,KLSTIALALGVER-KLEDLELKR-a1-b8,sp|P30154|2AAB,sp|Q16537|2A5E,46,456
2A5E,KLSTIALALGVER-EREELWKK-a1-b7,sp|P30154|2AAB,sp|Q16537|2A5E,46,448
2A5E,KLSTIALALGVER-KLEDLELKR-a1-b1,sp|P30154|2AAB,sp|Q16537|2A5E,46,449
PP2AA,KLSTIALALGVER-MKEREEMWQK-a1-b2,sp|P30154|2AAB,sp|Q14738|2A5D,46,500
PP2AB,QAAEDKSWR-FNLSKNR-a6-b5,sp|P30154|2AAB,sp|Q14738|2A5D,267,96
PP2AB,KLSTIALALGVER-LKMKER-a1-b4,sp|P30154|2AAB,sp|Q13362|2A5G,46,424
2ABG,AGMSSLKG-AVLKPR-a7-b4,sp|P40227|TCPZ,sp|Q9Y2T4|2ABG,530,389
2ABG,TLNPKAEVAR-AVLKPR-a5-b4,sp|P40227|TCPZ,sp|Q9Y2T4|2ABG,10,389
2ABG,AGMSSLKG-KKGDDQSR-a7-b2,sp|P40227|TCPZ,sp|P49368|TCPG,530,529
PP2AA,MLVIEQCKNSR-ENNKPR-a8-b4,sp|P48643|TCPE,sp|P63151|2ABA,378,387
PP4C,IDDIRKPGESEE-KRVPDHHPC-a6-b1,sp|P48643|TCPE,sp|P78371|TCPB,535,527
PP4C,LMGLEALKSHIMAAK-QKIHPTSVISGYR-a8-b2,sp|P48643|TCPE,sp|P17987|TCPA,35,111
PP4C,TTLGSKVVNSCHR-EATKAAR-a6-b4,sp|P48643|TCPE,sp|P78371|TCPB,176,135
PP4C,GGNKMIIEEAKR-KRVPDHHPC-a4-b1,sp|P48643|TCPE,sp|P78371|TCPB,392,527
2ABG,IDDIRKPGESEE-AVLKPR-a6-b4,sp|P48643|TCPE,sp|Q9Y2T4|2ABG,535,389
2ABG,SHIMAAKAVANTMR-GKGAYQDR-a7-b2,sp|P48643|TCPE,sp|P50991|TCPD,42,21
2ABG,IDDIRKPGESEE-ESSKPR-a6-b4,sp|P48643|TCPE,sp|Q9Y2T4|2ABG,535,383
2ABG,LIKGVIVDK-IKIFGSR-a3-b2,sp|P48643|TCPE,sp|P78371|TCPB,226,250
2ABG,MMVDKDGDVTVTNDGATILSMMDVDHQIAK-VDNIIKAAPR-a5-b6,sp|P48643|TCPE,sp|P78371|TCPB,64,522
2ABG,IDDIRKPGESEE-VCVGGKRR-a6-b6,sp|P48643|TCPE,sp|Q9Y2T4|2ABG,535,398
2ABG,IDDIVSGHKK-AGMSSLKG-a9-b7,sp|P49368|TCPG,sp|P40227|TCPZ,527,530
IGBP1,KVQSGNINAAK-TLNPKAEVAR-a1-b5,sp|P49368|TCPG,sp|P40227|TCPZ,21,10
PP4C,ISIPVDISDSDMMLNIINSSITTKAISR-IITEGFEAAKEK-a24-b10,sp|P49368|TCPG,sp|P40227|TCPZ,163,127
2ABG,KVQSGNINAAK-AAALCDKHSK-a1-b7,sp|P49368|TCPG,sp|Q9Y2T4|2ABG,21,260
2ABG,LQTYKTAVETAVLLLR-YPVNSVNILKAHGR-a5-b10,sp|P49368|TCPG,sp|P17987|TCPA,507,199
2ABG,KVQSGNINAAK-AVLKPR-a1-b4,sp|P49368|TCPG,sp|Q9Y2T4|2ABG,21,389
2ABG,GASKEILSEVER-AGMSSLKG-a4-b7,sp|P49368|TCPG,sp|P40227|TCPZ,381,530
2ABG,KGDDQSR-AVLKPR-a1-b4,sp|P49368|TCPG,sp|Q9Y2T4|2ABG,529,389
2ABG,TCLGPKSMMK-HKPSVKGR-a6-b6,sp|P49368|TCPG,sp|P40227|TCPZ,44,430
2ABG,KVQSGNINAAK-RVCVGGKR-a1-b7,sp|P49368|TCPG,sp|Q9Y2T4|2ABG,21,398
2ABG,KVQSGNINAAK-ESSKPR-a1-b4,sp|P49368|TCPG,sp|Q9Y2T4|2ABG,21,383
2ABG,IDDIVSGHKK-RVCVGGKR-a9-b7,sp|P49368|TCPG,sp|Q9Y2T4|2ABG,527,398
2ABG,EIQVQHPAAKSMIEISR-TLNPKAEVAR-a10-b5,sp|P49368|TCPG,sp|P40227|TCPZ,78,10
IGBP1,EIQVQHPAAKSMIEISR-AGMSSLKG-a10-b7,sp|P49368|TCPG,sp|P40227|TCPZ,78,530
IGBP1,KVQSGNINAAK-AGMSSLKG-a1-b7,sp|P49368|TCPG,sp|P40227|TCPZ,21,530
IGBP1,VEKIPGGIIEDSCVLR-AGMSSLKG-a3-b7,sp|P49368|TCPG,sp|P40227|TCPZ,203,530
2ABG,QITSYGETCPGLEQYAIKK-SKAMTGVEQWPYR-a18-b2,sp|P50990|TCPQ,sp|P49368|TCPG,439,427
IGBP1,ANEVISKLYAVHQEGNK-WIGLDLSNGKPR-a7-b10,sp|P50990|TCPQ,sp|P17987|TCPA,466,494
PP4C,AVDDGVNTFKVLTR-HKSETDTSLIR-a10-b2,sp|P50990|TCPQ,sp|P40227|TCPZ,400,199
PP4C,APGFAQMLKEGAK-TLNPKAEVAR-a9-b5,sp|P50990|TCPQ,sp|P40227|TCPZ,16,10
PP4C,ALAENSGVKANEVISK-KVQSGNINAAK-a9-b1,sp|P50990|TCPQ,sp|P49368|TCPG,459,21
PP4C,YWAIKLATNAAVTVLR-HKSETDTSLIR-a5-b2,sp|P50990|TCPQ,sp|P40227|TCPZ,509,199
2ABG,EGAKHFSGLEEAVYR-KVQSGNINAAK-a4-b1,sp|P50990|TCPQ,sp|P49368|TCPG,20,21
2ABG,EGAKHFSGLEEAVYR-TLNPKAEVAR-a4-b5,sp|P50990|TCPQ,sp|P40227|TCPZ,20,10
2ABG,MVINHLEKLFVTNDAATILR-LLDVVHPAAKTLVDIAK-a8-b10,sp|P50990|TCPQ,sp|Q99832|TCPH,62,77
2ABG,SILKIDDVVNTR-STLGPKGMDK-a4-b6,sp|P50991|TCPD,sp|P78371|TCPB,531,46
PP4C,LLQKGIHPTIISESFQK-SHIMAAKAVANTMR-a4-b7,sp|P50991|TCPD,sp|P48643|TCPE,126,42
PP4C,GIHPTIISESFQKALEK-STLGPKGMDK-a13-b6,sp|P50991|TCPD,sp|P78371|TCPB,139,46
PP4C,LLQKGIHPTIISESFQK-KIHPQTIIAGWR-a4-b1,sp|P50991|TCPD,sp|P78371|TCPB,126,120
PP4C,GIHPTIISESFQKALEK-QVKEMNPALGIDCLHK-a13-b3,sp|P50991|TCPD,sp|P48643|TCPE,139,483
2ABG,GKGAYQDRDKPAQIR-AVLKPR-a2-b4,sp|P50991|TCPD,sp|Q9Y2T4|2ABG,21,389
2ABG,GKGAYQDRDKPAQIR-EAESLIAKK-a2-b8,sp|P50991|TCPD,sp|P78371|TCPB,21,119
2ABG,GKGAYQDRDKPAQIR-EAVAMESYAKALR-a2-b10,sp|P50991|TCPD,sp|P78371|TCPB,21,441
2ABG,TSLGPKGMDK-LACKEAVR-a6-b4,sp|P50991|TCPD,sp|P17987|TCPA,55,126
2ABG,GKGAYQDRDKPAQIR-KIHPQTIIAGWR-a2-b1,sp|P50991|TCPD,sp|P78371|TCPB,21,120
2ABG,GKGAYQDRDKPAQIR-AVLKPR-a10-b4,sp|P50991|TCPD,sp|Q9Y2T4|2ABG,29,389
2ABG,GKGAYQDRDKPAQIR-VDNIIKAAPR-a10-b6,sp|P50991|TCPD,sp|P78371|TCPB,29,522
IGBP1,GKGAYQDRDKPAQIR-KRVPDHHPC-a2-b1,sp|P50991|TCPD,sp|P78371|TCPB,21,527
IGBP1,ESEVKALCAK-QKKELEHR-a5-b3,sp|P60510|PP4C,sp|P78318|IGBP1,26,166
PP4C,ALCAKAR-KELEHR-a5-b1,sp|P60510|PP4C,sp|P78318|IGBP1,31,166
PP2AB,AKEILTKESNVQEVR-YKQKK-a7-b2,sp|P62714|PP2AB,sp|P78318|IGBP1,41,163
PP2AB,AKEILTKESNVQEVR-YKQKK-a2-b2,sp|P62714|PP2AB,sp|P78318|IGBP1,36,163
PP2AB,TLCEKAK-KELEHR-a5-b1,sp|P62714|PP2AB,sp|P78318|IGBP1,34,166
SGOL1,CGNQAAIMELDDTLKYSFLQFDPAPR-NLAEIGKR-a15-b7,sp|P62714|PP2AB,sp|Q5FBB7|SGOL1,283,35
IGBP1,AKEILTKESNVQEVR-KELEHR-a7-b1,sp|P62714|PP2AB;sp|P67775|PP2AA,sp|P78318|IGBP1,41; 41,166
IGBP1,AKEILTKESNVQEVR-QKKELEHR-a7-b2,sp|P62714|PP2AB;sp|P67775|PP2AA,sp|P78318|IGBP1,41; 41,165
IGBP1,AKEILTKESNVQEVR-QAKIQR-a7-b3,sp|P62714|PP2AB;sp|P67775|PP2AA,sp|P78318|IGBP1,41; 41,158
PP2AB,HSKLFEEPEDPSNR-QAAEDKSWR-a3-b6,sp|P63151|2ABA,sp|P30153|2AAA,267,255
PP2AB,HSKLFEEPEDPSNR-QAAEDKSWR-a3-b6,sp|P63151|2ABA,sp|P30154|2AAB,267,267
PP2AB,KDEISVDSLDFNKK-KPGRKYER-a1-b5,sp|P63151|2ABA;sp|Q66LE6|2ABD,sp|Q9UL03|INT6,405; 411,826
PP2AA,KDEISVDSLDFNKK-KPGRKYER-a1-b1,sp|P63151|2ABA;sp|Q66LE6|2ABD,sp|Q9UL03|INT6,405; 411,822
CT2NL,YNIEKDIAAHIK-AKLNREENR-a5-b2,sp|P63167|DYL1,sp|Q9P2B4|CT2NL,36,252
CT2NL,YNIEKDIAAHIK-HRMNKHK-a5-b5,sp|P63167|DYL1,sp|Q13033|STRN3,36,280
SGOL1,SLCEKAKEILTK-TVPQKK-a7-b5,sp|P67775|PP2AA,sp|Q5FBB7|SGOL1,36,323
IGBP1,QLSESQVKSLCEKAK-QAKIQR-a8-b3,sp|P67775|PP2AA,sp|P78318|IGBP1,29,158
2ABG,IGGKSPDTNYLFMGDYVDR-FNVAKSLQK-a4-b5,sp|P67775|PP2AA,sp|P30153|2AAA,74,542
2ABG,IGGKSPDTNYLFMGDYVDR-FNVAKSLQK-a4-b5,sp|P67775|PP2AA,sp|P30154|2AAB,74,554
2A5E,EILTKESNVQEVR-SGSLERKVK-a5-b7,sp|P67775|PP2AA;sp|P62714|PP2AB,sp|O94964|CT117,41; 41,1126
2A5G,EILTKESNVQEVR-KALEAHCR-a5-b1,sp|P67775|PP2AA;sp|P62714|PP2AB,sp|Q13362|2A5G,41; 41,507
2A5G,EILTKESNVQEVR-KDRPLAR-a5-b1,sp|P67775|PP2AA;sp|P62714|PP2AB,sp|Q13362|2A5G,41; 41,488
IGBP1,KAAQQQEEQEEKEEEDDEQTLHR-SLCEKAK-a12-b5,sp|P78318|IGBP1,sp|P67775|PP2AA,306,34
IGBP1,KAAQQQEEQEEKEEEDDEQTLHR-ALCAKAR-a1-b5,sp|P78318|IGBP1,sp|P60510|PP4C,295,31
PP2AA,NMAQAKVFGAGYPSLPTMTVSDWYEQHR-IGGKSPDTNYLFMGDYVDR-a6-b4,sp|P78318|IGBP1,sp|P67775|PP2AA,253,74
IGBP1,QKKELEHR-ALCAKAR-a3-b5,sp|P78318|IGBP1,sp|P60510|PP4C,166,31
IGBP1,QKKELEHR-SLCEKAK-a3-b5,sp|P78318|IGBP1,sp|P67775|PP2AA,166,34
IGBP1,KRVPDHHPC-MIIEEAKR-a1-b7,sp|P78371|TCPB,sp|P48643|TCPE,527,399
PP2AA,KLGGSLADSYLDEGFLLDKK-KTWNPKFTLR-a1-b1,sp|P78371|TCPB,sp|Q9NRL3|STRN4,204,426
2ABG,LTSFIGAIAIGDLVKSTLGPK-DKPAQIR-a15-b2,sp|P78371|TCPB,sp|P50991|TCPD,40,29
2ABG,LTSFIGAIAIGDLVKSTLGPK-GKGAYQDRDKPAQIR-a15-b2,sp|P78371|TCPB,sp|P50991|TCPD,40,21
2ABG,KIHPQTIIAGWR-DKPAQIR-a1-b2,sp|P78371|TCPB,sp|P50991|TCPD,120,29
2ABG,VDNIIKAAPR-GKGAYQDR-a6-b2,sp|P78371|TCPB,sp|P50991|TCPD,522,21
2ABG,VDNIIKAAPR-VCVGGKRR-a6-b6,sp|P78371|TCPB,sp|Q9Y2T4|2ABG,522,398
2ABG,EAESLIAKK-DKPAQIR-a8-b2,sp|P78371|TCPB,sp|P50991|TCPD,119,29
2ABG,KRVPDHHPC-AVLKPR-a1-b4,sp|P78371|TCPB,sp|Q9Y2T4|2ABG,527,389
SGOL1,VEVTEFEDIKSGYR-NKNLAEIGK-a10-b2,sp|Q01105|SET,sp|Q5FBB7|SGOL1,132,28
SGOL1,RSSQTQNKASR-NLAEIGKRR-a8-b7,sp|Q01105|SET,sp|Q5FBB7|SGOL1,189,35
SGOL1,RSSQTQNKASR-NKNLAEIGKR-a8-b2,sp|Q01105|SET,sp|Q5FBB7|SGOL1,189,28
SGOL1,LRQPFFQKR-MKEKR-a8-b2,sp|Q01105|SET,sp|Q5FBB7|SGOL1,83,23
PP2AB,DAFRKTWNPK-LNSIKK-a5-b5,sp|Q13033|STRN3,sp|P30153|2AAA ;sp|P30154|2AAB,468,33; 45
2A5G,KALEAHCR-KLVEKFGK-a1-b5,sp|Q13362|2A5G,sp|P30153|2AAA,507,472
2A5G,DEAHQAQKDPK-LGSTKGK-a8-b5,sp|Q13362|2A5G,sp|Q9BWN1|PRR14,484,420
2A5G,EREEAWVKIENLAK-EELQAYKAVR-a8-b7,sp|Q13362|2A5G,sp|Q14674|ESPL1,432,593
PP2AB,DSTLTEPVVMALLKYWPK-KIQSVCLNVSSTLQSK-a14-b1,sp|Q13362|2A5G,sp|Q9NVH2|INT7,291,846
PP2AB,QCCVLFDFVSDPLSDLKWKEVK-KLQKK-a17-b4,sp|Q13362|2A5G,sp|Q13136|LIPA1,64,860
2A5G,RKSELPQDPHTK-SLCEKAK-a2-b5,sp|Q13362|2A5G,sp|P67775|PP2AA,496,34
2A5G,RKSELPQDPHTK-LNSIKK-a2-b5,sp|Q13362|2A5G,sp|P30153|2AAA ;sp|P30154|2AAB,496,33; 45
2A5G,RKSELPQDPHTK-VSSAVKAELR-a2-b6,sp|Q13362|2A5G,sp|P30153|2AAA,496,163
2A5G,KALEAHCR-SLCEKAK-a1-b5,sp|Q13362|2A5G,sp|P67775|PP2AA,507,34
2A5G,KDRPLAR-LNSIKK-a1-b5,sp|Q13362|2A5G,sp|P30153|2AAA ;sp|P30154|2AAB,488,33; 45
SGOL1,IYGKFLGLR-NKNLAEIGK-a4-b2,sp|Q13362|2A5G;sp|Q14738|2A5D;sp|Q15172|2A5A;sp|Q16537|2A5E,sp|Q5FBB7|SGOL1,192; 268; 217; 209,28
PP2AB,EKEPPKVAK-VLLGKSR-a2-b5,sp|Q14738|2A5D,sp|Q8N201|INT1,9,1683
2A5D,APPPLPPVYSMETETPTAEDIQLLKR-EILTKESNVQEVR-a25-b5,sp|Q14738|2A5D,sp|P67775|PP2AA;sp|P62714|PP2AB,548,41; 41
PP2AA,APPPLPPVYSMETETPTAEDIQLLKR-KLSTIALALGVER-a25-b1,sp|Q14738|2A5D,sp|P30153|2AAA ;sp|P30154|2AAB,548,34; 46
SGOL1,GVIVESAYSDIVKMISANIFR-QAAEDKSWR-a13-b6,sp|Q15172|2A5A,sp|P30153|2AAA,125,255
SGOL1,GVIVESAYSDIVKMISANIFR-QAAEDKSWR-a13-b6,sp|Q15172|2A5A,sp|P30154|2AAB,125,267
PP4C,KQLRAAQLQHSEK-EKEPPK-a1-b2,sp|Q16204|CCDC6,sp|Q14738|2A5D,274,9
2A5E,KLEDLELKR-LNSIKK-a8-b5,sp|Q16537|2A5E,sp|P30153|2AAA,456,33
2A5E,KLEDLELKR-LNSIKK-a8-b5,sp|Q16537|2A5E,sp|P30154|2AAB,456,45
2A5E,SQGKPIELTPLPLLK-QAAEDKSWR-a4-b6,sp|Q16537|2A5E,sp|P30153|2AAA,41,255
2A5E,SQGKPIELTPLPLLK-QAAEDKSWR-a4-b6,sp|Q16537|2A5E,sp|P30154|2AAB,41,267
2A5E,EELWKKLEDLELK-QLKESKLK-a5-b3,sp|Q16537|2A5E,sp|O94988|FA13A,448,720
SGOL1,MLVLALENEKSK-SSQTQNKASR-a10-b7,sp|Q5FBB7|SGOL1,sp|Q01105|SET,72,189
SGOL1,KSFQDSLEDIK-LRQPFFQKR-a1-b8,sp|Q5FBB7|SGOL1,sp|Q01105|SET,9,83
SGOL1,TKEDILESKSEQTK-SSQTQNKASR-a2-b7,sp|Q5FBB7|SGOL1,sp|Q01105|SET,269,189
SGOL1,TKEDILESKSEQTK-IYGKFLGLR-a9-b4,sp|Q5FBB7|SGOL1,sp|Q13362|2A5G;sp|Q14738|2A5D;sp|Q15172|2A5A;sp|Q16537|2A5E,276,192; 268; 217; 209
SGOL1,TKEDILESKSEQTK-KEKER-a9-b3,sp|Q5FBB7|SGOL1,sp|Q16537|2A5E,276,441
PP2AA,LVSSEQALKELGLAEHQLR-RAEVLALPFKR-a9-b10,sp|Q5TA45|INT11,sp|Q9NV88|INT9,500,510
2A5G,LAKDSIVAQTQKLEDQK-RKSELPQDPHTK-a12-b2,sp|Q5THK1|PR14L,sp|Q13362|2A5G,1463,496
PP4C,YIXKSFLFEPVVK-YMVADKFTELQK-a4-b6,sp|Q6IN85|P4R3A,sp|P30153|2AAA,576,266
CT2NL,RGSDSKPSLSLPRK-LTQQLEFEKSQVK-a6-b9,sp|Q8WZ74|CTTB2,sp|Q9P2B4|CT2NL,276,151
CT2NL,SFLPVPRSKVTQCSQNTK-HKEIIVK-a9-b2,sp|Q8WZ74|CTTB2,sp|Q9ULQ0|FA40B,1619,567
FR1OP,NTNEFYKTIPR-VKNPNNLDEIK-a7-b2,sp|Q969Q6|P2R3C,sp|Q5VT06|CE350,54,3013
PP2AB,KPVEAESVEGVVR-NKDIQR-a1-b2,sp|Q96HW7|INT4,sp|Q9NV88|INT9,62,159
IGBP1,GKATISNDGATILK-KRVPDHHPC-a2-b1,sp|Q99832|TCPH,sp|P78371|TCPB,55,527
PP4C,QQLLIGAYAKALEIIPR-QKIHPTSVISGYR-a10-b2,sp|Q99832|TCPH,sp|P17987|TCPA,440,111
2ABG,INALTAASEAACLIVSVDETIKNPR-AVLKPR-a22-b4,sp|Q99832|TCPH,sp|Q9Y2T4|2ABG,521,389
2ABG,QVKPYVEEGLHPQIIIR-NADELVKQK-a3-b7,sp|Q99832|TCPH,sp|P17987|TCPA,109,109
PP2AB,RMLLTNNAKNHSPK-KAVKR-a9-b1,sp|Q9H0H0|INT2,sp|Q9NVH2|INT7,750,266
PP2AB,MLLTNNAKNHSPK-KAVKR-a8-b4,sp|Q9H0H0|INT2,sp|Q9NVH2|INT7,750,269
PP2AB,EDKEDKSEK-LFIQKLR-a6-b5,sp|Q9NVM9|M89BB,sp|Q13362|2A5G,583,45
PP4C,NVMVVSCVYPSSEKNNSNSLNR-ALCAKAR-a14-b5,sp|Q9NY27|PP4R2,sp|P60510|PP4C,141,31
PP4C,NVMVVSCVYPSSEKNNSNSLNR-ESEVKALCAK-a14-b5,sp|Q9NY27|PP4R2,sp|P60510|PP4C,141,26
PP4C,NVMVVSCVYPSSEKNNSNSLNR-CELIKESEVK-a14-b5,sp|Q9NY27|PP4R2,sp|P60510|PP4C,141,21
CT2NL,EQKKLSSQLEEER-LLNKLTKWK-a4-b4,sp|Q9P2B4|CT2NL,sp|Q9ULQ0|FA40B,163,673
CT2NL,AKLNREENR-KAVIK-a2-b1,sp|Q9P2B4|CT2NL,sp|P63167|DYL1;sp|Q96FJ2|DYL2,252,5; 5
CT2NL,EQKKLSSQLEEER-FKRWK-a4-b2,sp|Q9P2B4|CT2NL,sp|Q9P289|MST4,163,292
CT2NL,YGKYNISDPLMALQR-RGSDSKPSLSLPRK-a3-b6,sp|Q9P2B4|CT2NL,sp|Q8WZ74|CTTB2,47,276
CT2NL,DLVIEALKAQHR-MLEYALKQER-a8-b7,sp|Q9P2B4|CT2NL,sp|Q9NRL3|STRN4;sp|O43815|STRN;sp|Q13033|STRN3,33,126; 110; 126
PP2AB,KPGRKYER-FRPKDIR-a1-b4,sp|Q9UL03|INT6,sp|Q13136|LIPA1,822,1147
2ABG,AAALCDKHSKLFEEPEDPSNR-QAAEDKSWR-a10-b6,sp|Q9Y2T4|2ABG,sp|P30153|2AAA,263,255
2ABG,AAALCDKHSKLFEEPEDPSNR-QAAEDKSWR-a10-b6,sp|Q9Y2T4|2ABG,sp|P30154|2AAB,263,267
2ABG,HSKLFEEPEDPSNR-KVQSGNINAAK-a3-b1,sp|Q9Y2T4|2ABG,sp|P49368|TCPG,263,21
2ABG,SFFSEIISSVSDVKFSHSGR-TLNPKAEVAR-a14-b5,sp|Q9Y2T4|2ABG,sp|P40227|TCPZ,288,10
2ABG,AAALCDKHSK-KRVPDHHPC-a7-b1,sp|Q9Y2T4|2ABG,sp|P78371|TCPB,260,527
2ABG,AAALCDKHSK-QAAEDKSWR-a7-b6,sp|Q9Y2T4|2ABG,sp|P30153|2AAA,260,255
2ABG,AAALCDKHSK-QAAEDKSWR-a7-b6,sp|Q9Y2T4|2ABG,sp|P30154|2AAB,260,267
CT2NL,HTLDGAACLLNSNKYFPSR-KNAALDVEPIHAFR-a14-b1,sp|Q9Y3A3|MOBL3,sp|Q9NRL3|STRN4,140,475
CT2NL,KSTSLDVEPIYTFR-TWNPKFTLR-a1-b5,sp|O43815|STRN,sp|O43815|STRN,500,456
CT2NL,CYIASAGADALAKVFV-KTWNPK-a13-b1,sp|O43815|STRN,sp|O43815|STRN,777,451
CT2NL,KGQENLK-KDLVRR-a1-b1,sp|O43815|STRN; sp|Q13033|STRN3,sp|O43815|STRN; sp|Q13033|STRN3,89; 105,96; 112
FR1OP,SSLHLLSHETKIGSFLSNR-IKAELR-a11-b2,sp|O95684|FR1OP,sp|O95684|FR1OP,225,34
FR1OP,SGLSSLAGAPSLKDSESK-DLKLISDK-a13-b3,sp|O95684|FR1OP,sp|O95684|FR1OP,303,318
FR1OP,SKSSLHLLSHETK-TLDGKDK-a2-b5,sp|O95684|FR1OP,sp|O95684|FR1OP,214,238
FR1OP,RGNTVLKDLK-IKAELR-a7-b2,sp|O95684|FR1OP,sp|O95684|FR1OP,315,34
FR1OP,SKSSLHLLSHETK-IKAELR-a2-b2,sp|O95684|FR1OP,sp|O95684|FR1OP,214,34
FR1OP,AAVFLALEEQEKVENK-IKAELR-a12-b2,sp|O95684|FR1OP,sp|O95684|FR1OP,50,34
FR1OP,TLDGKDK-IKAELR-a5-b2,sp|O95684|FR1OP,sp|O95684|FR1OP,238,34
FR1OP,SSLHLLSHETKIGSFLSNR-TLDGKDK-a11-b5,sp|O95684|FR1OP,sp|O95684|FR1OP,225,238
FR1OP,KQAGSLASLSDAPPLK-GNTVLKDLK-a1-b6,sp|O95684|FR1OP,sp|O95684|FR1OP,275,315
FR1OP,VENKTPLVNESLKK-IKAELR-a4-b2,sp|O95684|FR1OP,sp|O95684|FR1OP,54,34
FR1OP,SKSSLHLLSHETK-DSESKR-a2-b5,sp|O95684|FR1OP,sp|O95684|FR1OP,214,308
FR1OP,KANDEANQSDTSVSLSEPK-KFLNTK-a1-b1,sp|O95684|FR1OP,sp|O95684|FR1OP,194,64
FR1OP,KANDEANQSDTSVSLSEPK-SPEGKTSAQTTPSK-a1-b5,sp|O95684|FR1OP,sp|O95684|FR1OP,194,164
FR1OP,KQAGSLASLSDAPPLK-IKAELR-a1-b2,sp|O95684|FR1OP,sp|O95684|FR1OP,275,34
FR1OP,KANDEANQSDTSVSLSEPKSK-SSLHLLSHETKIGSFLSNR-a19-b11,sp|O95684|FR1OP,sp|O95684|FR1OP,212,225
FR1OP,AAVFLALEEQEKVENK-KFLNTK-a12-b1,sp|O95684|FR1OP,sp|O95684|FR1OP,50,64
FR1OP,KQAGSLASLSDAPPLKSGLSSLAGAPSLK-GNTVLKDLK-a16-b6,sp|O95684|FR1OP,sp|O95684|FR1OP,290,315
FR1OP,SPEGKTSAQTTPSK-SKSSLHLLSHETK-a5-b2,sp|O95684|FR1OP,sp|O95684|FR1OP,164,214
FR1OP,SGLSSLAGAPSLKDSESK-KQAGSLASLSDAPPLK-a13-b1,sp|O95684|FR1OP,sp|O95684|FR1OP,303,275
FR1OP,SKSSLHLLSHETK-KFLNTK-a2-b1,sp|O95684|FR1OP,sp|O95684|FR1OP,214,64
FR1OP,SPEGKTSAQTTPSK-KFLNTK-a5-b1,sp|O95684|FR1OP,sp|O95684|FR1OP,164,64
FR1OP,KANDEANQSDTSVSLSEPK-SKSSLHLLSHETK-a1-b2,sp|O95684|FR1OP,sp|O95684|FR1OP,194,214
FR1OP,LISDKIGSLGLGTGEDDDYVDDFNSTSHR-GNTVLKDLK-a5-b6,sp|O95684|FR1OP,sp|O95684|FR1OP,323,315
FR1OP,TSAQTTPSKIPR-IKAELR-a9-b2,sp|O95684|FR1OP,sp|O95684|FR1OP,173,34
FR1OP,KFLNTKDGR-IKAELR-a6-b2,sp|O95684|FR1OP,sp|O95684|FR1OP,69,34
FR1OP,SPEGKTSAQTTPSK-TLDGKDK-a5-b5,sp|O95684|FR1OP,sp|O95684|FR1OP,164,238
FR1OP,LISDKIGSLGLGTGEDDDYVDDFNSTSHRSEK-IKAELR-a5-b2,sp|O95684|FR1OP,sp|O95684|FR1OP,323,34
FR1OP,VENKTPLVNESLKK-IKAELR-a13-b2,sp|O95684|FR1OP,sp|O95684|FR1OP,63,34
FR1OP,EKGPTTGEGALDLSDVHSPPK-CQQKEK-a2-b4,sp|O95684|FR1OP,sp|O95684|FR1OP,140,138
FR1OP,KQAGSLASLSDAPPLK-KFLNTK-a1-b1,sp|O95684|FR1OP,sp|O95684|FR1OP,275,64
FR1OP,EKGPTTGEGALDLSDVHSPPK-IKAELR-a2-b2,sp|O95684|FR1OP,sp|O95684|FR1OP,140,34
FR1OP,SSLHLLSHETKIGSFLSNR-SKSSLHLLSHETK-a11-b2,sp|O95684|FR1OP,sp|O95684|FR1OP,225,214
FR1OP,EKGPTTGEGALDLSDVHSPPK-FLNTKDGR-a2-b5,sp|O95684|FR1OP,sp|O95684|FR1OP,140,69
FR1OP,EKGPTTGEGALDLSDVHSPPK-SPEGKTSAQTTPSK-a2-b5,sp|O95684|FR1OP,sp|O95684|FR1OP,140,164
FR1OP,SSLHLLSHETKIGSFLSNR-KQAGSLASLSDAPPLK-a11-b1,sp|O95684|FR1OP,sp|O95684|FR1OP,225,275
CT2NL,IKFLVIALK-VVKYER-a2-b3,sp|O95819|M4K4,sp|O95819|M4K5,1035,1030
CT2NL,LENAVKKPEDKK-SSSKSEGSPSQR-a6-b4,sp|O95819|M4K4,sp|O95819|M4K5,725,711
PP2AB,TFDKILVANR-HKQADIR-a4-b2,sp|P05165|PCCA,sp|P05165|PCCA,65,385
2A5E,HIEIQVLGDKHGNALWLNER-VAKGYPLR-a10-b3,sp|P05165|PCCA,sp|P05165|PCCA,278,378
2A5E,NLGSVGYDPNEKTFDK-VAKGYPLR-a12-b3,sp|P05165|PCCA,sp|P05165|PCCA,61,378
2A5E,EAGGNMSIQFLGTVYKVNILTR-VYAEDPYKSFGLPSIGR-a16-b8,sp|P05165|PCCA,sp|P05165|PCCA,635,407
2AAB,MPVIKPDIANWELSVKLHDK-LAAELNKFMLEK-a16-b7,sp|P05165|PCCA,sp|P05165|PCCA,564,648
2AAB,GDISTKFLSDVYPDGFK-ASAGGGGKGMR-a6-b8,sp|P05165|PCCA,sp|P05165|PCCA,502,227
SGOL1,LITYGSDRTEALKR-FVKGDISTK-a13-b3,sp|P05165|PCCA,sp|P05165|PCCA,464,496
SGOL1,AQAVHPGYGFLSENKEFAR-ASAGGGGKGMR-a15-b8,sp|P05165|PCCA,sp|P05165|PCCA,150,227
SGOL1,KNFYFLEMNTR-FVKGDISTK-a1-b3,sp|P05165|PCCA,sp|P05165|PCCA,343,496
SGOL1,YSSAGTVEFLVDSKK-LLIEKFIDNPR-a14-b5,sp|P05165|PCCA,sp|P05165|PCCA,342,262
SGOL1,KAEVNTIPGFDGVVKDAEEAVR-AVKYSSAGTVEFLVDSKK-a1-b3,sp|P05165|PCCA,sp|P05165|PCCA,186,328
SGOL1,VAKGYPLR-HKQADIR-a3-b2,sp|P05165|PCCA,sp|P05165|PCCA,378,385
SGOL1,CLAAEDVVFIGPDTHAIQAMGDKIESK-ASAGGGGKGMR-a23-b8,sp|P05165|PCCA,sp|P05165|PCCA,177,227
2A5E,AYNMVDIIHSVVDEREFFEIMPNYAKNIIVGFAR-TVGIVGNQPKVASGCLDINSSVK-a26-b10,sp|P05166|PCCB,sp|P05166|PCCB,338,360
SGOL1,GAVEIIFKGHENVEAAQAEYIEK-CADFGMAADKNKFPGDSVVTGR-a8-b12,sp|P05166|PCCB,sp|P05166|PCCB,474,101
IGBP1,GAVEIIFKGHENVEAAQAEYIEK-CADFGMAADKNKFPGDSVVTGR-a8-b10,sp|P05166|PCCB,sp|P05166|PCCB,474,99
IGBP1,RIDAQHKR-GKLTAR-a7-b2,sp|P05166|PCCB,sp|P05166|PCCB,60,63
IGBP1,IDAQHKR-IENKRR-a6-b4,sp|P05166|PCCB,sp|P05166|PCCB,60,42
IGBP1,ISVYYNEATGGKYVPR-KLAVNMVPFPR-a12-b1,sp|P07437|TBB5,sp|P07437|TBB5,58,252
2AAB,HWPFQVINDGDKPK-KFGDPVVQSDMK-a12-b1,sp|P08107|HSP71,sp|P08107|HSP71,100,77
2AAB,LIGDAAKNQVALNPQNTVFDAKR-DISQNKR-a7-b6,sp|P08107|HSP71,sp|P08107|HSP71,56,257
2AAB,QATKDAGVIAGLNVLR-LSKEEIER-a4-b3,sp|P08107|HSP71,sp|P08107|HSP71,159,512
2AAB,LVNHFVEEFKRK-HKKDISQNK-a10-b3,sp|P08107|HSP71,sp|P08107|HSP71,246,251
PP4C,ITITNDKGR-LSKEEIER-a7-b3,sp|P08107|HSP71,sp|P08107|HSP71,507,512
PP4C,MVQEAEKYKAEDEVQR-TGKGER-a9-b3,sp|P08107|HSP71,sp|P08107|HSP71,526,190
PP4C,GRLSKEEIER-ISEADKK-a5-b6,sp|P08107|HSP71,sp|P08107|HSP71,512,567
2ABG,STLEPVEKALR-DAKLDK-a8-b3,sp|P08107|HSP71,sp|P08107|HSP71,319,325
2ABG,VSAKNALESYAFNMK-AMTKDNNLLGR-a4-b4,sp|P08107|HSP71,sp|P08107|HSP71,539,451
2ABG,MVQEAEKYKAEDEVQR-TGKGER-a7-b3,sp|P08107|HSP71,sp|P08107|HSP71,524,190
2ABG,LSKEEIER-TGKGER-a3-b3,sp|P08107|HSP71,sp|P08107|HSP71,512,190
FR1OP,LSKEEIER-DISQNKR-a3-b6,sp|P08107|HSP71,sp|P08107|HSP71,512,257
PP2AB,TLLIKTVETR-KLLEGEESR-a5-b1,sp|P08670|VIME,sp|P08670|VIME,445,402
PP2AB,TNEKVELQELNDR-FANYIDKVR-a4-b7,sp|P08670|VIME,sp|P08670|VIME,104,120
PP2AB,ETNLDSLPLVDTHSKR-TLLIKTVETR-a15-b5,sp|P08670|VIME,sp|P08670|VIME,439,445
PP2AB,ETNLDSLPLVDTHSKR-KLLEGEESR-a15-b1,sp|P08670|VIME,sp|P08670|VIME,439,402
2ABG,SIDLKDK-YKNIGAK-a5-b2,sp|P10809|CH60,sp|P10809|CH61,87,91
2ABG,GVMLAVDAVIAELKK-KGVITVK-a14-b1,sp|P10809|CH60,sp|P10809|CH61,156,196
IGBP1,AVQKLRR-EVEKAKR-a4-b4,sp|P11021|GRP78,sp|P11021|GRP78,287,294
2AAB,MVNHFIAEFKRK-HKKDISENK-a10-b3,sp|P11142|HSP7C,sp|P11142|HSP7C,246,251
2AAB,LIGDAAKNQVAMNPTNTVFDAKR-DISENKR-a7-b6,sp|P11142|HSP7C,sp|P11142|HSP7C,56,257
2AAB,QATKDAGTIAGLNVLR-MVQEAEKYKAEDEK-a4-b9,sp|P11142|HSP7C,sp|P11142|HSP7C,159,526
FA40B,ENKITITNDKGR-LSKEDIER-a10-b3,sp|P11142|HSP7C,sp|P11142|HSP7C,507,512
2ABG,GTLDPVEKALR-DAKLDK-a8-b3,sp|P11142|HSP7C,sp|P11142|HSP7C,319,325
2ABG,ITITNDKGR-TGKGER-a7-b3,sp|P11142|HSP7C,sp|P11142|HSP7C,507,190
2ABG,LSKEDIER-KVGAER-a3-b1,sp|P11142|HSP7C,sp|P11142|HSP7C,512,188
FR1OP,ITITNDKGR-LSKEDIER-a7-b3,sp|P11142|HSP7C,sp|P11142|HSP7C,507,512
2AAB,ILKEDILNYLEK-KTLATPAVR-a3-b1,sp|P11182|ODB2,sp|P11182|ODB2,202,170
SGOL1,GIKLSFMPFFLK-LREELKPIAFAR-a3-b6,sp|P11182|ODB2,sp|P11182|ODB2,304,295
SGOL1,LSEVVGSGKDGR-KTLATPAVR-a9-b1,sp|P11182|ODB2,sp|P11182|ODB2,196,170
PP2AB,RLEYKPIK-KVMVANR-a5-b1,sp|P11498|PYC,sp|P11498|PYC,35,39
2A5E,VAKENNVDAVHPGYGFLSER-KMGDKVEAR-a3-b1,sp|P11498|PYC,sp|P11498|PYC,107,148
2A5E,QKADEAYLIGR-KVHVTK-a2-b1,sp|P11498|PYC,sp|P11498|PYC,79,1159
2A5E,SILVKDTQAMKEMHFHPK-KVHVTK-a11-b1,sp|P11498|PYC,sp|P11498|PYC,1096,1159
2A5E,GLAPVQAYLHIPDIIKVAK-QKADEAYLIGR-a16-b2,sp|P11498|PYC,sp|P11498|PYC,104,79
2AAB,VIDIKVVAGAK-VLKDLPR-a5-b3,sp|P11498|PYC,sp|P11498|PYC,1124,969
2AAB,RLEYKPIKK-KVHVTK-a8-b1,sp|P11498|PYC,sp|P11498|PYC,38,1159
2AAB,QKADEAYLIGR-VIDIKVVAGAK-a2-b5,sp|P11498|PYC,sp|P11498|PYC,79,1124
2AAB,KMGDKVEAR-RLEYKPIKK-a1-b5,sp|P11498|PYC,sp|P11498|PYC,148,35
2AAB,RLEYKPIKK-KVHVTK-a5-b1,sp|P11498|PYC,sp|P11498|PYC,35,1159
2AAB,VIDIKVVAGAK-RLEYKPIKK-a5-b5,sp|P11498|PYC,sp|P11498|PYC,1124,35
2AAB,KVMVANRGEIAIR-QKADEAYLIGR-a1-b2,sp|P11498|PYC,sp|P11498|PYC,39,79
2AAB,DVKGQIGAPMPGK-VVAGAKVAK-a3-b6,sp|P11498|PYC,sp|P11498|PYC,1109,1130
2AAB,HQKVVEIAPAAHLDPQLR-KMGDKVEAR-a3-b1,sp|P11498|PYC,sp|P11498|PYC,273,148
2AAB,AQKLLHYLGHVMVNGPTTPIPVK-SILVKDTQAMK-a3-b5,sp|P11498|PYC,sp|P11498|PYC,499,1090
2AAB,AYSEALAAFGNGALFVEKFIEKPR-HGKHYFIEVNSR-a18-b3,sp|P11498|PYC,sp|P11498|PYC,237,319
2AAB,GKTLHIK-FIEKPR-a2-b4,sp|P11498|PYC,sp|P11498|PYC,1056,241
2AAB,RLEYKPIKK-GKTLHIK-a8-b2,sp|P11498|PYC,sp|P11498|PYC,38,1056
2AAB,VAKENNVDAVHPGYGFLSER-VIAHGKDHPTAATK-a3-b6,sp|P11498|PYC,sp|P11498|PYC,107,434
2AAB,KVMVANRGEIAIR-KMGDKVEAR-a1-b1,sp|P11498|PYC,sp|P11498|PYC,39,148
2AAB,VVAGAKVAK-KVHVTK-a6-b1,sp|P11498|PYC,sp|P11498|PYC,1130,1159
2AAB,FKEVKK-KVHVTK-a2-b1,sp|P11498|PYC,sp|P11498|PYC,888,1159
2AAB,VIAHGKDHPTAATK-RLEYKPIKK-a6-b8,sp|P11498|PYC,sp|P11498|PYC,434,38
2AAB,VAKENNVDAVHPGYGFLSER-GKTLHIK-a3-b2,sp|P11498|PYC,sp|P11498|PYC,107,1056
2AAB,KVMVANRGEIAIR-GKTLHIK-a1-b2,sp|P11498|PYC,sp|P11498|PYC,39,1056
2AAB,TLHIKALAVSDLNR-VIAHGKDHPTAATK-a5-b6,sp|P11498|PYC,sp|P11498|PYC,1061,434
2AAB,VVAGAKVAK-ALKDVK-a6-b3,sp|P11498|PYC,sp|P11498|PYC,1130,1106
2AAB,QKADEAYLIGR-RLEYKPIKK-a2-b8,sp|P11498|PYC,sp|P11498|PYC,79,38
2AAB,SILVKDTQAMKEMHFHPK-VIAHGKDHPTAATK-a11-b6,sp|P11498|PYC,sp|P11498|PYC,1096,434
2AAB,VAKENNVDAVHPGYGFLSER-KVMVANR-a3-b1,sp|P11498|PYC,sp|P11498|PYC,107,39
2AAB,LAKQVGYENAGTVEFLVDRHGK-KMGDKVEAR-a3-b1,sp|P11498|PYC,sp|P11498|PYC,300,148
SGOL1,SILVKDTQAMK-ALKDVK-a5-b3,sp|P11498|PYC,sp|P11498|PYC,1090,1106
SGOL1,KMGDKVEAR-RLEYKPIKK-a1-b8,sp|P11498|PYC,sp|P11498|PYC,148,38
SGOL1,HQKVVEIAPAAHLDPQLR-FIEKPR-a3-b4,sp|P11498|PYC,sp|P11498|PYC,273,241
SGOL1,VAKENNVDAVHPGYGFLSER-RLEYKPIKK-a3-b5,sp|P11498|PYC,sp|P11498|PYC,107,35
SGOL1,VAKENNVDAVHPGYGFLSER-KVHVTK-a3-b1,sp|P11498|PYC,sp|P11498|PYC,107,1159
SGOL1,QKADEAYLIGR-GKTLHIK-a2-b2,sp|P11498|PYC,sp|P11498|PYC,79,1056
SGOL1,ALKDVK-KVHVTK-a3-b1,sp|P11498|PYC,sp|P11498|PYC,1106,1159
SGOL1,VIAHGKDHPTAATK-RLEYKPIKK-a6-b5,sp|P11498|PYC,sp|P11498|PYC,434,35
SGOL1,RLEYKPIKK-GKTLHIK-a5-b2,sp|P11498|PYC,sp|P11498|PYC,35,1056
SGOL1,KMGDKVEAR-RLEYKPIKK-a5-b8,sp|P11498|PYC,sp|P11498|PYC,152,38
SGOL1,AQKLLHYLGHVMVNGPTTPIPVK-GKTLHIK-a3-b2,sp|P11498|PYC,sp|P11498|PYC,499,1056
SGOL1,HQKVVEIAPAAHLDPQLR-MGDKVEAR-a3-b4,sp|P11498|PYC,sp|P11498|PYC,273,152
SGOL1,VAKENNVDAVHPGYGFLSER-VIAHGKDHPTAATKMSR-a3-b14,sp|P11498|PYC,sp|P11498|PYC,107,442
SGOL1,HGKHYFIEVNSR-GKTLHIK-a3-b2,sp|P11498|PYC,sp|P11498|PYC,319,1056
SGOL1,VLKDLPR-KVHVTK-a3-b1,sp|P11498|PYC,sp|P11498|PYC,969,1159
SGOL1,SILVKDTQAMKEMHFHPK-VIAHGKDHPTAATK-a5-b6,sp|P11498|PYC,sp|P11498|PYC,1090,434
SGOL1,VAKENNVDAVHPGYGFLSER-QKADEAYLIGR-a3-b2,sp|P11498|PYC,sp|P11498|PYC,107,79
IGBP1,VIAHGKDHPTAATK-KVHVTK-a6-b1,sp|P11498|PYC,sp|P11498|PYC,434,1159
IGBP1,SILVKDTQAMK-KVHVTK-a5-b1,sp|P11498|PYC,sp|P11498|PYC,1090,1159
IGBP1,VIAHGKDHPTAATK-GKTLHIK-a6-b2,sp|P11498|PYC,sp|P11498|PYC,434,1056
IGBP1,VIAHGKDHPTAATKMSR-GKTLHIK-a14-b2,sp|P11498|PYC,sp|P11498|PYC,442,1056
IGBP1,KMGDKVEAR-GKTLHIK-a5-b2,sp|P11498|PYC,sp|P11498|PYC,152,1056
IGBP1,VIAHGKDHPTAATKMSR-RLEYKPIKK-a14-b5,sp|P11498|PYC,sp|P11498|PYC,442,35
IGBP1,KMGDKVEAR-GKTLHIK-a1-b2,sp|P11498|PYC,sp|P11498|PYC,148,1056
IGBP1,EMHFHPKALK-KVHVTK-a7-b1,sp|P11498|PYC,sp|P11498|PYC,1103,1159
IGBP1,VIAHGKDHPTAATKMSR-RLEYKPIKK-a14-b8,sp|P11498|PYC,sp|P11498|PYC,442,38
IGBP1,VIAHGKDHPTAATK-QKADEAYLIGR-a6-b2,sp|P11498|PYC,sp|P11498|PYC,434,79
IGBP1,KMGDKVEAR-KVHVTK-a1-b1,sp|P11498|PYC,sp|P11498|PYC,148,1159
IGBP1,KMGDKVEAR-RLEYKPIKK-a5-b5,sp|P11498|PYC,sp|P11498|PYC,152,35
IGBP1,TKYSLQYYMGLAEELVR-VLKDLPR-a2-b3,sp|P11498|PYC,sp|P11498|PYC,717,969
IGBP1,KMGDKVEAR-KVHVTK-a5-b1,sp|P11498|PYC,sp|P11498|PYC,152,1159
IGBP1,AFHNEAQVNPERKNLK-DNKQAGVFEPTIVK-a13-b3,sp|P17987|TCPA,sp|P17987|TCPA,481,499
IGBP1,SLKFATEAAITILR-LACKEAVR-a3-b4,sp|P17987|TCPA,sp|P17987|TCPA,515,126
IGBP1,SLLVIPNTLAVNAAQDSTDLVAKLR-WIGLDLSNGKPR-a23-b10,sp|P17987|TCPA,sp|P17987|TCPA,466,494
IGBP1,IVNAKIACLDFSLQK-ESDITKERIQK-a5-b6,sp|P17987|TCPA,sp|P17987|TCPA,233,272
2ABG,DCLINAAKTSMSSK-WIGLDLSNGKPR-a8-b10,sp|P17987|TCPA,sp|P17987|TCPA,153,494
2ABG,IVNAKIACLDFSLQK-NTKAR-a5-b3,sp|P17987|TCPA,sp|P17987|TCPA,233,368
PP2AB,RAAASKLGEFAK-QAAEDKSWR-a6-b6,sp|P30153|2AAA,sp|P30153|2AAA,188,255
2A5E,FGKEWAHATIIPK-KLVEK-a3-b1,sp|P30153|2AAA,sp|P30153|2AAA,475,468
2A5E,VSSAVKAELR-AAASHKVK-a6-b6,sp|P30153|2AAA,sp|P30153|2AAA,163,305
2A5E,AISHEHSPSDLEAHFVPLVKR-LNSIKK-a20-b5,sp|P30153|2AAA,sp|P30153|2AAA,133,33
2A5E,EAATSNLKK-LVEKFGK-a8-b4,sp|P30153|2AAA,sp|P30153|2AAA,467,472
2A5E,RAAASKLGEFAK-AAASHKVK-a6-b6,sp|P30153|2AAA,sp|P30153|2AAA,188,305
2A5E,AISHEHSPSDLEAHFVPLVKR-AAASKLGEFAK-a20-b5,sp|P30153|2AAA,sp|P30153|2AAA,133,188
2A5E,RAAASKLGEFAK-LNSIKK-a6-b5,sp|P30153|2AAA,sp|P30153|2AAA,188,33
SGOL1,DKAVESLR-LNSIKK-a2-b5,sp|P30153|2AAA,sp|P30153|2AAA,107,33
2A5G,AISHEHSPSDLEAHFVPLVKR-VSSAVKAELR-a20-b6,sp|P30153|2AAA,sp|P30153|2AAA,133,163
2A5G,ENVIMSQILPCIKELVSDANQHVK-TDLVPAFQNLMKDCEAEVR-a13-b12,sp|P30153|2AAA,sp|P30153|2AAA,331,292
2A5G,MTTLFCINVLSEVCGQDITTKHMLPTVLR-FGKEWAHATIIPK-a21-b3,sp|P30153|2AAA,sp|P30153|2AAA,519,475
2A5G,AISHEHSPSDLEAHFVPLVKR-LGEFAKVLELDNVK-a20-b6,sp|P30153|2AAA,sp|P30153|2AAA,133,194
PP2AA,FTELQKAVGPEITK-LGEFAKVLELDNVK-a6-b6,sp|P30153|2AAA,sp|P30153|2AAA,272,194
PP2AA,AISHEHSPSDLEAHFVPLVKR-DKAVESLR-a20-b2,sp|P30153|2AAA,sp|P30153|2AAA,133,107
PP2AA,SLQKIGPILDNSTLQSEVKPILEK-EAATSNLKK-a4-b8,sp|P30153|2AAA,sp|P30153|2AAA,546,467
PP2AA,FGKEWAHATIIPK-EAATSNLKK-a3-b8,sp|P30153|2AAA,sp|P30153|2AAA,475,467
PP2AA,ENVIMSQILPCIKELVSDANQHVK-DNTIEHLLPLFLAQLKDECPEVR-a13-b16,sp|P30153|2AAA,sp|P30153|2AAA,331,374
PP2AB,FTELQKAVGPEITK-VKEFCENLSADCR-a6-b2,sp|P30153|2AAA,sp|P30153|2AAA,272,307
PP2AB,AISHEHSPSDLEAHFVPLVKR-QAAEDKSWR-a20-b6,sp|P30153|2AAA,sp|P30153|2AAA,133,255
PP2AB,VSSAVKAELR-DKAVESLR-a6-b2,sp|P30153|2AAA,sp|P30153|2AAA,163,107
PP2AB,LGEFAKVLELDNVK-YMVADKFTELQK-a6-b6,sp|P30153|2AAA,sp|P30153|2AAA,194,266
PP2AB,VSSAVKAELR-QAAEDKSWR-a6-b6,sp|P30153|2AAA,sp|P30153|2AAA,163,255
2A5G,AAASKLGEFAK-VSSAVKAELR-a5-b6,sp|P30153|2AAA,sp|P30153|2AAA,188,163
2A5G,YMVADKFTELQK-AAASHKVK-a6-b6,sp|P30153|2AAA,sp|P30153|2AAA,266,305
2A5G,AISHEHSPSDLEAHFVPLVKR-AAASHKVK-a20-b6,sp|P30153|2AAA,sp|P30153|2AAA,133,305
2A5G,RAAASKLGEFAK-DKAVESLR-a6-b2,sp|P30153|2AAA,sp|P30153|2AAA,188,107
2A5G,QAAEDKSWR-AAASHKVK-a6-b6,sp|P30153|2AAA,sp|P30153|2AAA,255,305
2A5G,EWAHATIIPKVLAMSGDPNYLHR-QLSQSLLPAIVELAEDAKWR-a10-b18,sp|P30153|2AAA,sp|P30153|2AAA,485,416
SGOL1,YMVADKFTELQK-QAAEDKSWR-a6-b6,sp|P30153|2AAA,sp|P30153|2AAA,266,255
PP2AB,RAAASKLGEFAK-QAAEDKSWR-a6-b6,sp|P30154|2AAB,sp|P30154|2AAB,200,267
2A5E,ASNAVKAEIR-AAAAHKVK-a6-b6,sp|P30154|2AAB,sp|P30154|2AAB,175,317
2A5E,IGPILDTNALQGEVKPVLQKLGQDEDMDVK-QMLPIVLKMAGDQVANVR-a20-b8,sp|P30154|2AAB,sp|P30154|2AAB,578,539
2A5E,RAAASKLGEFAK-LNSIKK-a6-b5,sp|P30154|2AAB,sp|P30154|2AAB,200,45
2AAB,RAAASKLGEFAK-ASNAVKAEIR-a6-b6,sp|P30154|2AAB,sp|P30154|2AAB,200,175
2AAB,AAASKLGEFAK-AAAAHKVK-a5-b6,sp|P30154|2AAB,sp|P30154|2AAB,200,317
2AAB,IGPILDTNALQGEVKPVLQK-FNVAKSLQK-a15-b5,sp|P30154|2AAB,sp|P30154|2AAB,573,554
2AAB,LGEFAKVLELDSVK-ASNAVKAEIR-a6-b6,sp|P30154|2AAB,sp|P30154|2AAB,206,175
2AAB,ASNAVKAEIR-QAAEDKSWR-a6-b6,sp|P30154|2AAB,sp|P30154|2AAB,175,267
2AAB,YMVADRFSELQKAMGPK-AAASKLGEFAK-a12-b5,sp|P30154|2AAB,sp|P30154|2AAB,284,200
2AAB,QMLPIVLKMAGDQVANVR-FNVAKSLQK-a8-b5,sp|P30154|2AAB,sp|P30154|2AAB,539,554
2AAB,AAAAHKVK-DKAVESLR-a6-b2,sp|P30154|2AAB,sp|P30154|2AAB,317,119
2AAB,AAASKLGEFAK-LNSIKK-a5-b5,sp|P30154|2AAB,sp|P30154|2AAB,200,45
2AAB,KLSTIALALGVER-AAASKLGEFAK-a1-b5,sp|P30154|2AAB,sp|P30154|2AAB,46,200
2AAB,VLELDSVKSEIVPLFTSLASDEQDSVR-ASNAVKAEIR-a8-b6,sp|P30154|2AAB,sp|P30154|2AAB,214,175
2AAB,QISQEHTPVALEAYFVPLVKR-AAASKLGEFAK-a20-b5,sp|P30154|2AAB,sp|P30154|2AAB,145,200
2AAB,FSELQKAMGPK-QAAEDKSWR-a6-b6,sp|P30154|2AAB,sp|P30154|2AAB,284,267
SGOL1,DKAVESLR-LNSIKK-a2-b5,sp|P30154|2AAB,sp|P30154|2AAB,119,45
2A5G,QISQEHTPVALEAYFVPLVKR-ASNAVKAEIR-a20-b6,sp|P30154|2AAB,sp|P30154|2AAB,145,175
PP2AB,LGEFAKVLELDSVK-FSELQKAMGPK-a6-b6,sp|P30154|2AAB,sp|P30154|2AAB,206,284
PP2AB,ASNAVKAEIR-DKAVESLR-a6-b2,sp|P30154|2AAB,sp|P30154|2AAB,175,119
PP2AB,QISQEHTPVALEAYFVPLVKR-DKAVESLR-a20-b2,sp|P30154|2AAB,sp|P30154|2AAB,145,119
2A5G,RAAASKLGEFAK-DKAVESLR-a6-b2,sp|P30154|2AAB,sp|P30154|2AAB,200,119
2A5G,QAAEDKSWR-AAAAHKVK-a6-b6,sp|P30154|2AAB,sp|P30154|2AAB,267,317
IGBP1,KFIEDR-LVKAER-a1-b3,sp|P40227|TCPZ,sp|P40227|TCPZ,265,261
IGBP1,HKSETDTSLIR-SVTLLIKGPNK-a2-b7,sp|P40227|TCPZ,sp|P40227|TCPZ,199,377
IGBP1,FIEDRVKK-KIIELK-a7-b1,sp|P40227|TCPZ,sp|P40227|TCPZ,272,273
PP4C,KFIEDR-KIIELK-a1-b1,sp|P40227|TCPZ,sp|P40227|TCPZ,265,273
PP4C,TLNPKAEVAR-TNLGPKGTMK-a5-b6,sp|P40227|TCPZ,sp|P40227|TCPZ,10,41
PP4C,KVCGDSDK-KIIELKR-a1-b1,sp|P40227|TCPZ,sp|P40227|TCPZ,280,273
PP4C,KFIEDRVK-LVKAER-a1-b3,sp|P40227|TCPZ,sp|P40227|TCPZ,265,261
PP4C,SAEEREKLVK-KFIEDR-a7-b1,sp|P40227|TCPZ,sp|P40227|TCPZ,258,265
PP4C,GLVLDHGARHPDMKK-KIIELKR-a14-b6,sp|P40227|TCPZ,sp|P40227|TCPZ,222,278
PP4C,EKALQFLEEVK-HKPSVKGR-a2-b6,sp|P40227|TCPZ,sp|P40227|TCPZ,129,430
PP4C,GPNKHTLTQIK-HKSETDTSLIR-a4-b2,sp|P40227|TCPZ,sp|P40227|TCPZ,381,199
PP4C,GIDPFSLDALSKEGIVALRR-GLVLDHGARHPDMKK-a12-b14,sp|P40227|TCPZ,sp|P40227|TCPZ,307,222
PP4C,GLVLDHGARHPDMKK-FTFIEKCNNPR-a14-b6,sp|P40227|TCPZ,sp|P40227|TCPZ,222,365
2ABG,GLVLDHGARHPDMKK-HKSETDTSLIR-a14-b2,sp|P40227|TCPZ,sp|P40227|TCPZ,222,199
2ABG,MLVSGAGDIKLTK-HTLTQIKDAVR-a10-b7,sp|P40227|TCPZ,sp|P40227|TCPZ,55,388
2ABG,KVCGDSDK-IIELKRK-a1-b5,sp|P40227|TCPZ,sp|P40227|TCPZ,280,278
2ABG,KQLLHSCTVIATNILLVDEIMR-IITEGFEAAKEK-a1-b10,sp|P40227|TCPZ,sp|P40227|TCPZ,502,127
IGBP1,TLNPKAEVAR-AGMSSLKG-a5-b7,sp|P40227|TCPZ,sp|P40227|TCPZ,10,530
IGBP1,TKHKLDVTSVEDYK-ALQKYEK-a2-b4,sp|P48643|TCPE,sp|P48643|TCPE,263,279
IGBP1,ISDSVLVDIKDTEPLIQTAK-LIKGVIVDK-a10-b3,sp|P48643|TCPE,sp|P48643|TCPE,160,226
IGBP1,IAILTCPFEPPKPKTK-HKLDVTSVEDYK-a12-b2,sp|P48643|TCPE,sp|P48643|TCPE,259,265
IGBP1,IAILTCPFEPPKPK-TKHKLDVTSVEDYK-a12-b2,sp|P48643|TCPE,sp|P48643|TCPE,259,263
PP4C,MLVIEQCKNSR-LIKGVIVDK-a8-b3,sp|P48643|TCPE,sp|P48643|TCPE,378,226
PP4C,HKLDVTSVEDYK-ALQKYEK-a2-b4,sp|P48643|TCPE,sp|P48643|TCPE,265,279
PP4C,KVEDAKIAILTCPFEPPKPK-MLVIEQCKNSR-a6-b8,sp|P48643|TCPE,sp|P48643|TCPE,247,378
PP4C,HKLDVTSVEDYKALQK-YEKEKFEEMIQQIK-a12-b3,sp|P48643|TCPE,sp|P48643|TCPE,275,282
PP4C,LGFAGLVQEISFGTTKDK-VGGRLEDTKLIK-a16-b9,sp|P48643|TCPE,sp|P48643|TCPE,368,223
2ABG,LEDTKLIK-VEGKVGGR-a5-b4,sp|P48643|TCPE,sp|P48643|TCPE,223,214
2ABG,MIIEEAKR-VEGKVGGR-a7-b4,sp|P48643|TCPE,sp|P48643|TCPE,399,214
2ABG,LEDTKLIK-KVEDAK-a5-b1,sp|P48643|TCPE,sp|P48643|TCPE,223,242
2ABG,GGNKMIIEEAKR-VEGKVGGR-a4-b4,sp|P48643|TCPE,sp|P48643|TCPE,392,214
2ABG,LIKGVIVDK-KVEDAK-a3-b1,sp|P48643|TCPE,sp|P48643|TCPE,226,242
2ABG,DKMLVIEQCK-KVEDAK-a2-b1,sp|P48643|TCPE,sp|P48643|TCPE,370,242
IGBP1,DVDFELIKVEGK-MIIEEAKR-a8-b7,sp|P48643|TCPE,sp|P48643|TCPE,210,399
2ABG,EIQVQHPAAKSMIEISR-KKGDDQSR-a10-b1,sp|P49368|TCPG,sp|P49368|TCPG,78,528
IGBP1,GASKEILSEVER-GVMINKDVTHPR-a4-b6,sp|P49368|TCPG,sp|P49368|TCPG,381,222
IGBP1,IVSRPEELREDDVGTGAGLLEIKK-YIKNPR-a23-b3,sp|P49368|TCPG,sp|P49368|TCPG,353,234
IGBP1,LQTYKTAVETAVLLLR-ALDDMISTLKK-a5-b10,sp|P49368|TCPG,sp|P49368|TCPG,507,138
PP4C,IDDIVSGHKK-KGDDQSR-a9-b1,sp|P49368|TCPG,sp|P49368|TCPG,527,529
PP4C,VEKIPGGIIEDSCVLR-GASKEILSEVER-a3-b4,sp|P49368|TCPG,sp|P49368|TCPG,203,381
PP4C,IGDEYFTFITDCKDPKACTILLR-YIKNPR-a16-b3,sp|P49368|TCPG,sp|P49368|TCPG,370,234
PP4C,LQTYKTAVETAVLLLR-KALDDMISTLKK-a5-b1,sp|P49368|TCPG,sp|P49368|TCPG,507,128
2ABG,GVMINKDVTHPR-YIKNPR-a6-b3,sp|P49368|TCPG,sp|P49368|TCPG,222,234
2ABG,EIQVQHPAAKSMIEISR-IDDIVSGHKK-a10-b9,sp|P49368|TCPG,sp|P49368|TCPG,78,527
2ABG,KVQSGNINAAK-IDDIVSGHKK-a1-b9,sp|P49368|TCPG,sp|P49368|TCPG,21,527
2ABG,EIQVQHPAAKSMIEISR-KKGDDQSR-a10-b2,sp|P49368|TCPG,sp|P49368|TCPG,78,529
2ABG,GVMINKDVTHPR-KTDNNR-a6-b1,sp|P49368|TCPG,sp|P49368|TCPG,222,317
2ABG,IGDEYFTFITDCKDPK-YIKNPR-a13-b3,sp|P49368|TCPG,sp|P49368|TCPG,367,234
2ABG,WSSLACNIALDAVKMVQFEENGR-KEIDIK-a14-b1,sp|P49368|TCPG,sp|P49368|TCPG,181,191
2ABG,GASKEILSEVER-KTDNNR-a4-b1,sp|P49368|TCPG,sp|P49368|TCPG,381,317
2ABG,KVQSGNINAAK-KKGDDQSR-a1-b2,sp|P49368|TCPG,sp|P49368|TCPG,21,529
2ABG,KVQSGNINAAK-KKGDDQSR-a1-b1,sp|P49368|TCPG,sp|P49368|TCPG,21,528
2ABG,EIDIKK-KTDNNR-a5-b1,sp|P49368|TCPG,sp|P49368|TCPG,196,317
2ABG,IVSRPEELREDDVGTGAGLLEIKK-GASKEILSEVER-a23-b4,sp|P49368|TCPG,sp|P49368|TCPG,353,381
2ABG,KGESQTDIEITREEDFTR-KTDNNR-a1-b1,sp|P49368|TCPG,sp|P49368|TCPG,249,317
2ABG,TAEELMNFSKGEENLMDAQVK-VADMALHYANKYNIMLVR-a10-b11,sp|P50990|TCPQ,sp|P50990|TCPQ,270,307
2ABG,IAVYSCPFDGMITETKGTVLIK-TAEELMNFSKGEENLMDAQVK-a16-b10,sp|P50990|TCPQ,sp|P50990|TCPQ,254,270
PP4C,RLCKTVGATALPR-LNSKWDLR-a4-b4,sp|P50990|TCPQ,sp|P50990|TCPQ,326,318
2ABG,AVDDGVNTFKVLTR-LCKTVGATALPR-a10-b3,sp|P50990|TCPQ,sp|P50990|TCPQ,400,326
2ABG,HEKEDGAISTIVLR-LCKTVGATALPR-a3-b3,sp|P50990|TCPQ,sp|P50990|TCPQ,367,326
2ABG,MVINHLEKLFVTNDAATILR-LNSKWDLR-a8-b4,sp|P50990|TCPQ,sp|P50990|TCPQ,62,318
2ABG,RLVPGGGATEIELAKQITSYGETCPGLEQYAIK-KAHEILPNLVCCSAK-a15-b1,sp|P50990|TCPQ,sp|P50990|TCPQ,421,138
PP4C,AYILNLVKQIK-KTGCNVLLIQK-a8-b1,sp|P50991|TCPD,sp|P50991|TCPD,288,292
PP4C,LGGTIDDCELVEGLVLTQKVSNSGITR-GSNKLVIEEAER-a19-b4,sp|P50991|TCPD,sp|P50991|TCPD,232,395
2ABG,FSNISAAKAVADAIR-DKPAQIR-a8-b2,sp|P50991|TCPD,sp|P50991|TCPD,42,29
2ABG,LLQKGIHPTIISESFQK-GKGAYQDR-a4-b2,sp|P50991|TCPD,sp|P50991|TCPD,126,21
2ABG,GAYQDRDKPAQIR-GKGAYQDR-a8-b2,sp|P50991|TCPD,sp|P50991|TCPD,29,21
2ABG,FSNISAAKAVADAIR-GKGAYQDRDKPAQIR-a8-b2,sp|P50991|TCPD,sp|P50991|TCPD,42,21
2ABG,ALEKGIEILTDMSRPVELSDR-HAQGEKTAGINVR-a4-b6,sp|P50991|TCPD,sp|P50991|TCPD,143,489
IGBP1,KLGGTIDDCELVEGLVLTQK-GSNKLVIEEAER-a1-b4,sp|P50991|TCPD,sp|P50991|TCPD,213,395
IGBP1,LLQKGIHPTIISESFQK-GKGAYQDRDKPAQIR-a4-b10,sp|P50991|TCPD,sp|P50991|TCPD,126,29
IGBP1,CELIKESEVK-ALCAKAR-a5-b5,sp|P60510|PP4C,sp|P60510|PP4C,21,31
PP4C,VDSPVTVCGDIHGQFYDLKELFR-KYGSVTVWR-a19-b1,sp|P60510|PP4C,sp|P60510|PP4C,63,133
PP2AB,EILTKESNVQEVR-TLCEKAK-a5-b5,sp|P62714|PP2AB,sp|P62714|PP2AB,41,34
PP2AB,WLPQKNAAQFLLSTNDK-LWKISER-a5-b3,sp|P63151|2ABA,sp|P63151|2ABA,105,123
PP2AB,DITLEASRENNKPR-KVCASGKR-a12-b7,sp|P63151|2ABA,sp|P63151|2ABA,387,402
PP2AB,DITLEASRENNKPR-MFDRNTKR-a12-b7,sp|P63151|2ABA,sp|P63151|2ABA,387,374
PP2AB,DKRPEGYNLKEEDGR-LWKISER-a10-b3,sp|P63151|2ABA,sp|P63151|2ABA,137,123
PP2AB,KDEISVDSLDFNKK-TVLKPRK-a1-b4,sp|P63151|2ABA,sp|P63151|2ABA,405,393
PP2AB,DITLEASRENNKPR-KVCASGKR-a12-b1,sp|P63151|2ABA,sp|P63151|2ABA,387,396
PP2AA,KKDEISVDSLDFNK-TVLKPR-a1-b4,sp|P63151|2ABA,sp|P63151|2ABA,404,393
PP2AA,KKDEISVDSLDFNK-TVLKPR-a2-b4,sp|P63151|2ABA,sp|P63151|2ABA,405,393
PP2AA,KVCASGKR-TVLKPR-a7-b4,sp|P63151|2ABA,sp|P63151|2ABA,402,393
PP2AA,KKDEISVDSLDFNK-KVCASGKR-a1-b7,sp|P63151|2ABA,sp|P63151|2ABA,404,402
PP2AA,KKDEISVDSLDFNK-VCASGKRK-a2-b6,sp|P63151|2ABA,sp|P63151|2ABA,405,402
PP2AA,DKRPEGYNLKEEDGR-LWKISER-a2-b3,sp|P63151|2ABA,sp|P63151|2ABA,129,123
PP2AA,KVCASGK-TVLKPR-a1-b4,sp|P63151|2ABA,sp|P63151|2ABA,396,393
PP4C,DITLEASRENNKPR-TVLKPR-a12-b4,sp|P63151|2ABA,sp|P63151|2ABA,387,393
PP2AB,MFDRNTKR-TVLKPR-a7-b4,sp|P63151|2ABA,sp|P63151|2ABA,374,393
PP2AB,VVIFQQEQENKIQSHSR-ENNKPR-a11-b4,sp|P63151|2ABA,sp|P63151|2ABA,62,387
PP2AB,VVIFQQEQENKIQSHSR-DKRPEGYNLKEEDGR-a11-b2,sp|P63151|2ABA,sp|P63151|2ABA,62,129
CT2NL,YNIEKDIAAHIK-KEFDK-a5-b1,sp|P63167|DYL1,sp|P63167|DYL1,36,44
2A5E,QLSESQVKSLCEK-AKEILTK-a8-b2,sp|P67775|PP2AA,sp|P67775|PP2AA,29,36
IGBP1,EILTKESNVQEVR-SLCEKAK-a5-b5,sp|P67775|PP2AA,sp|P67775|PP2AA,41,34
2A5G,VFTKELDQWIEQLNECK-SLCEKAK-a4-b5,sp|P67775|PP2AA,sp|P67775|PP2AA,8,34
2A5G,KYGNANVWKYFTDLFDYLPLTALVDGQIFCLHGGLSPSIDTLDHIR-QLSESQVKSLCEK-a9-b8,sp|P67775|PP2AA,sp|P67775|PP2AA,144,29
2AAB,LKAERER-TIEKFEK-a2-b4,sp|P68104|EF1A1,sp|P68104|EF1A1,64,41
FA40B,QTVAVGVIKAVDK-KAAGAGK-a9-b1,sp|P68104|EF1A1,sp|P68104|EF1A1,439,444
FA40B,KLEDGPKFLK-EKIDRR-a7-b2,sp|P68104|EF1A1,sp|P68104|EF1A1,392,378
FA40B,QTVAVGVIKAVDKK-AAGAGKVTK-a9-b6,sp|P68104|EF1A1,sp|P68104|EF1A1,439,450
2ABG,KLEDGPK-EKIDRR-a1-b2,sp|P68104|EF1A1,sp|P68104|EF1A1,386,378
FR1OP,SGKKLEDGPK-EKIDRR-a3-b2,sp|P68104|EF1A1,sp|P68104|EF1A1,385,378
2AAB,QLFHPEQLITGKEDAANNYAR-GHYTIGKEIIDLVLDR-a12-b7,sp|P68363|TBA1B,sp|P68363|TBA1B,96,112
2AAB,DVNAAIATIKTKR-LDHKFDLMYAKR-a12-b11,sp|P68363|TBA1B,sp|P68363|TBA1B,338,401
2AAB,DVNAAIATIKTKR-LDHKFDLMYAKR-a10-b11,sp|P68363|TBA1B,sp|P68363|TBA1B,336,401
2AAB,DVNAAIATIKTKR-LSVDYGKK-a10-b7,sp|P68363|TBA1B,sp|P68363|TBA1B,336,163
2AAB,TIGGGDDSFNTFFSETGAGKHVPR-LSVDYGKK-a20-b7,sp|P68363|TBA1B,sp|P68363|TBA1B,60,163
PP2AB,KAAQQQEEQEEKEEEDDEQTLHR-KYGALPDQGIAK-a1-b1,sp|P78318|IGBP1,sp|P78318|IGBP1,295,276
PP2AB,LSAMKSAVESGQADDERVR-YKQKK-a5-b4,sp|P78318|IGBP1,sp|P78318|IGBP1,176,165
PP2AB,KAAQQQEEQEEKEEEDDEQTLHR-QVNPSKR-a12-b6,sp|P78318|IGBP1,sp|P78318|IGBP1,306,97
PP2AB,AREWDDWKDTHPR-QVNPSKR-a8-b6,sp|P78318|IGBP1,sp|P78318|IGBP1,325,97
IGBP1,AREWDDWKDTHPR-QERPPVKPFILTR-a8-b7,sp|P78318|IGBP1,sp|P78318|IGBP1,325,241
IGBP1,QERPPVKPFILTR-VFKGLDLLEK-a7-b3,sp|P78318|IGBP1,sp|P78318|IGBP1,241,44
IGBP1,YGALPDQGIAKAAPEEFRK-YKQKK-a11-b2,sp|P78318|IGBP1,sp|P78318|IGBP1,287,163
IGBP1,YGALPDQGIAKAAPEEFRK-AREWDDWKDTHPR-a11-b8,sp|P78318|IGBP1,sp|P78318|IGBP1,287,325
IGBP1,KAAQQQEEQEEKEEEDDEQTLHR-KELEHR-a1-b1,sp|P78318|IGBP1,sp|P78318|IGBP1,295,166
IGBP1,AREWDDWKDTHPR-KYGALPDQGIAK-a8-b1,sp|P78318|IGBP1,sp|P78318|IGBP1,325,276
IGBP1,AREWDDWKDTHPR-KELEHR-a8-b1,sp|P78318|IGBP1,sp|P78318|IGBP1,325,166
IGBP1,YGALPDQGIAKAAPEEFRK-KELEHR-a11-b1,sp|P78318|IGBP1,sp|P78318|IGBP1,287,166
IGBP1,QERPPVKPFILTR-IVQEKVFK-a7-b5,sp|P78318|IGBP1,sp|P78318|IGBP1,241,41
IGBP1,AREWDDWKDTHPR-YKQKK-a8-b2,sp|P78318|IGBP1,sp|P78318|IGBP1,325,163
IGBP1,AREWDDWKDTHPR-QAKIQR-a8-b3,sp|P78318|IGBP1,sp|P78318|IGBP1,325,158
IGBP1,AREWDDWKDTHPR-VFKGLDLLEK-a8-b3,sp|P78318|IGBP1,sp|P78318|IGBP1,325,44
IGBP1,YGALPDQGIAKAAPEEFRK-QKKELEHR-a11-b2,sp|P78318|IGBP1,sp|P78318|IGBP1,287,165
IGBP1,VFKGLDLLEK-QVNPSKR-a3-b6,sp|P78318|IGBP1,sp|P78318|IGBP1,44,97
IGBP1,WIDISLEEIESIDQEIKILR-QERPPVKPFILTR-a17-b7,sp|P78318|IGBP1,sp|P78318|IGBP1,216,241
IGBP1,AAQQQEEQEEKEEEDDEQTLHR-QERPPVKPFILTR-a11-b7,sp|P78318|IGBP1,sp|P78318|IGBP1,306,241
IGBP1,LSAMKSAVESGQADDER-QAKIQR-a5-b3,sp|P78318|IGBP1,sp|P78318|IGBP1,176,158
IGBP1,VFKGLDLLEK-QAKIQR-a3-b3,sp|P78318|IGBP1,sp|P78318|IGBP1,44,158
IGBP1,KAAQQQEEQEEKEEEDDEQTLHR-YGALPDQGIAKAAPEEFR-a1-b11,sp|P78318|IGBP1,sp|P78318|IGBP1,295,287
IGBP1,QKKELEHR-QAKIQR-a2-b3,sp|P78318|IGBP1,sp|P78318|IGBP1,165,158
IGBP1,QERPPVKPFILTR-QKKELEHR-a7-b3,sp|P78318|IGBP1,sp|P78318|IGBP1,241,166
IGBP1,EASTSNSSRQERPPVKPFILTR-KYGALPDQGIAK-a16-b1,sp|P78318|IGBP1,sp|P78318|IGBP1,241,276
IGBP1,LSAMKSAVESGQADDERVR-QERPPVKPFILTR-a5-b7,sp|P78318|IGBP1,sp|P78318|IGBP1,176,241
IGBP1,NMAQAKVFGAGYPSLPTMTVSDWYEQHR-AREWDDWKDTHPR-a6-b8,sp|P78318|IGBP1,sp|P78318|IGBP1,253,325
IGBP1,QERPPVKPFILTR-YKQKK-a7-b4,sp|P78318|IGBP1,sp|P78318|IGBP1,241,165
IGBP1,NMAQAKVFGAGYPSLPTMTVSDWYEQHRK-VFKGLDLLEK-a6-b3,sp|P78318|IGBP1,sp|P78318|IGBP1,253,44
IGBP1,YLLVPAFQGALTMKQVNPSK-QERPPVKPFILTR-a14-b7,sp|P78318|IGBP1,sp|P78318|IGBP1,91,241
IGBP1,VFKGLDLLEK-QKKELEHR-a3-b3,sp|P78318|IGBP1,sp|P78318|IGBP1,44,166
IGBP1,AREWDDWKDTHPR-IVQEKVFK-a8-b5,sp|P78318|IGBP1,sp|P78318|IGBP1,325,41
IGBP1,AAQQQEEQEEKEEEDDEQTLHR-KELEHR-a11-b1,sp|P78318|IGBP1,sp|P78318|IGBP1,306,166
IGBP1,KAAQQQEEQEEKEEEDDEQTLHR-IVQEKVFK-a1-b5,sp|P78318|IGBP1,sp|P78318|IGBP1,295,41
IGBP1,KYGALPDQGIAK-IVQEKVFK-a1-b5,sp|P78318|IGBP1,sp|P78318|IGBP1,276,41
IGBP1,NMAQAKVFGAGYPSLPTMTVSDWYEQHR-EASTSNSSRQERPPVKPFILTR-a6-b16,sp|P78318|IGBP1,sp|P78318|IGBP1,253,241
IGBP1,KAAQQQEEQEEKEEEDDEQTLHR-VFKGLDLLEK-a1-b3,sp|P78318|IGBP1,sp|P78318|IGBP1,295,44
IGBP1,YGALPDQGIAKAAPEEFRK-QVNPSKR-a11-b6,sp|P78318|IGBP1,sp|P78318|IGBP1,287,97
IGBP1,NMAQAKVFGAGYPSLPTMTVSDWYEQHRK-KAAQQQEEQEEKEEEDDEQTLHR-a6-b1,sp|P78318|IGBP1,sp|P78318|IGBP1,253,295
IGBP1,NMAQAKVFGAGYPSLPTMTVSDWYEQHRK-YGALPDQGIAKAAPEEFRK-a6-b11,sp|P78318|IGBP1,sp|P78318|IGBP1,253,287
IGBP1,EASTSNSSRQERPPVKPFILTR-QVNPSKR-a16-b6,sp|P78318|IGBP1,sp|P78318|IGBP1,241,97
PP2AA,LSAMKSAVESGQADDERVR-KELEHR-a5-b1,sp|P78318|IGBP1,sp|P78318|IGBP1,176,166
PP2AA,KAAQQQEEQEEKEEEDDEQTLHR-KYGALPDQGIAK-a12-b1,sp|P78318|IGBP1,sp|P78318|IGBP1,306,276
PP2AA,NMAQAKVFGAGYPSLPTMTVSDWYEQHR-KYGALPDQGIAK-a6-b1,sp|P78318|IGBP1,sp|P78318|IGBP1,253,276
PP2AA,KAAQQQEEQEEKEEEDDEQTLHR-YKQKK-a1-b2,sp|P78318|IGBP1,sp|P78318|IGBP1,295,163
PP4C,AAQQQEEQEEKEEEDDEQTLHR-AREWDDWKDTHPR-a11-b8,sp|P78318|IGBP1,sp|P78318|IGBP1,306,325
PP4C,YGALPDQGIAKAAPEEFRK-QERPPVKPFILTR-a11-b7,sp|P78318|IGBP1,sp|P78318|IGBP1,287,241
PP4C,KAAQQQEEQEEKEEEDDEQTLHR-YGALPDQGIAKAAPEEFR-a12-b11,sp|P78318|IGBP1,sp|P78318|IGBP1,306,287
PP2AB,KELEHR-QAKIQR-a1-b3,sp|P78318|IGBP1,sp|P78318|IGBP1,166,158
PP2AB,KAAQQQEEQEEKEEEDDEQTLHR-AREWDDWKDTHPR-a1-b8,sp|P78318|IGBP1,sp|P78318|IGBP1,295,325
IGBP1,QERPPVKPFILTR-QAKIQR-a7-b3,sp|P78318|IGBP1,sp|P78318|IGBP1,241,158
IGBP1,YGALPDQGIAKAAPEEFRK-QAKIQR-a11-b3,sp|P78318|IGBP1,sp|P78318|IGBP1,287,158
IGBP1,QERPPVKPFILTR-YKQKK-a7-b2,sp|P78318|IGBP1,sp|P78318|IGBP1,241,163
IGBP1,QAKIQR-YKQKK-a3-b2,sp|P78318|IGBP1,sp|P78318|IGBP1,158,163
IGBP1,KYGALPDQGIAK-KELEHR-a1-b1,sp|P78318|IGBP1,sp|P78318|IGBP1,276,166
IGBP1,LSAMKSAVESGQADDERVR-IVQEKVFK-a5-b5,sp|P78318|IGBP1,sp|P78318|IGBP1,176,41
IGBP1,LSAMKSAVESGQADDERVR-KYGALPDQGIAK-a5-b1,sp|P78318|IGBP1,sp|P78318|IGBP1,176,276
IGBP1,LSAMKSAVESGQADDERVR-YKQKK-a5-b2,sp|P78318|IGBP1,sp|P78318|IGBP1,176,163
IGBP1,KYGALPDQGIAK-QAKIQR-a1-b3,sp|P78318|IGBP1,sp|P78318|IGBP1,276,158
IGBP1,NEDLEEIASTDLKYLLVPAFQGALTMK-LSAMKSAVESGQADDERVR-a13-b5,sp|P78318|IGBP1,sp|P78318|IGBP1,77,176
IGBP1,IVQEKVFK-QAKIQR-a5-b3,sp|P78318|IGBP1,sp|P78318|IGBP1,41,158
IGBP1,QVNPSKR-KELEHR-a6-b1,sp|P78318|IGBP1,sp|P78318|IGBP1,97,166
IGBP1,KAAQQQEEQEEKEEEDDEQTLHR-QERPPVKPFILTR-a1-b7,sp|P78318|IGBP1,sp|P78318|IGBP1,295,241
IGBP1,LSAMKSAVESGQADDERVR-QVNPSKR-a5-b6,sp|P78318|IGBP1,sp|P78318|IGBP1,176,97
2ABG,ILKHGINCFINR-MKEKVER-a3-b2,sp|P78371|TCPB,sp|P78371|TCPB,284,276
IGBP1,VRVDSTAKVAEIEHAEK-IKIFGSR-a8-b2,sp|P78371|TCPB,sp|P78371|TCPB,263,250
IGBP1,VAEIEHAEKEK-MKEKVER-a9-b4,sp|P78371|TCPB,sp|P78371|TCPB,272,278
IGBP1,EAVAMESYAKALR-EAESLIAKK-a10-b8,sp|P78371|TCPB,sp|P78371|TCPB,441,119
IGBP1,VRVDSTAKVAEIEHAEK-MKEKVER-a8-b4,sp|P78371|TCPB,sp|P78371|TCPB,263,278
IGBP1,VAEIEHAEKEK-IKIFGSR-a9-b2,sp|P78371|TCPB,sp|P78371|TCPB,272,250
IGBP1,RIENAKILIANTGMDTDK-ILKHGINCFINR-a6-b3,sp|P78371|TCPB,sp|P78371|TCPB,236,284
IGBP1,LTSFIGAIAIGDLVKSTLGPK-KIHPQTIIAGWR-a15-b1,sp|P78371|TCPB,sp|P78371|TCPB,40,120
IGBP1,VAEIEHAEKEK-MKEKVER-a9-b2,sp|P78371|TCPB,sp|P78371|TCPB,272,276
IGBP1,IKIFGSR-MKEKVER-a2-b4,sp|P78371|TCPB,sp|P78371|TCPB,250,278
IGBP1,IKIFGSR-MKEKVER-a2-b2,sp|P78371|TCPB,sp|P78371|TCPB,250,276
IGBP1,ILKHGINCFINR-MKEKVER-a3-b4,sp|P78371|TCPB,sp|P78371|TCPB,284,278
IGBP1,VRVDSTAKVAEIEHAEK-MKEKVER-a8-b2,sp|P78371|TCPB,sp|P78371|TCPB,263,276
PP4C,LGSCKLIEEVMIGEDK-LKGSGNLEAIHIIK-a5-b2,sp|P78371|TCPB,sp|P78371|TCPB,347,191
PP4C,TPGKEAVAMESYAK-EAESLIAKK-a4-b8,sp|P78371|TCPB,sp|P78371|TCPB,431,119
PP4C,VRVDSTAKVAEIEHAEK-ILIANTGMDTDKIK-a8-b12,sp|P78371|TCPB,sp|P78371|TCPB,263,248
PP4C,SLHDALCVLAQTVKDSR-EATKAAR-a14-b4,sp|P78371|TCPB,sp|P78371|TCPB,402,135
PP4C,LLTHHKDHFTKLAVEAVLR-LKGSGNLEAIHIIKK-a6-b14,sp|P78371|TCPB,sp|P78371|TCPB,176,203
2ABG,SLHDALCVLAQTVKDSR-LKGSGNLEAIHIIK-a14-b2,sp|P78371|TCPB,sp|P78371|TCPB,402,191
2ABG,EALLSSAVDHGSDEVKFR-SLHDALCVLAQTVKDSR-a16-b14,sp|P78371|TCPB,sp|P78371|TCPB,154,402
2ABG,LKGSGNLEAIHIIKK-DHFTKLAVEAVLR-a14-b5,sp|P78371|TCPB,sp|P78371|TCPB,203,181
2ABG,LTSFIGAIAIGDLVKSTLGPK-EAVAMESYAKALR-a15-b10,sp|P78371|TCPB,sp|P78371|TCPB,40,441
2ABG,LKGSGNLEAIHIIK-DHFTKLAVEAVLR-a2-b5,sp|P78371|TCPB,sp|P78371|TCPB,191,181
2ABG,NIGVDNPAAKVLVDMSR-VDNIIKAAPR-a10-b6,sp|P78371|TCPB,sp|P78371|TCPB,82,522
2ABG,VDNIIKAAPR-KRVPDHHPC-a6-b1,sp|P78371|TCPB,sp|P78371|TCPB,522,527
2ABG,LTSFIGAIAIGDLVKSTLGPK-EAESLIAKK-a15-b8,sp|P78371|TCPB,sp|P78371|TCPB,40,119
2ABG,EALLSSAVDHGSDEVKFR-DHFTKLAVEAVLR-a16-b5,sp|P78371|TCPB,sp|P78371|TCPB,154,181
2ABG,RIENAKILIANTGMDTDK-LGSCKLIEEVMIGEDK-a6-b5,sp|P78371|TCPB,sp|P78371|TCPB,236,347
2ABG,EALLSSAVDHGSDEVKFR-LKGSGNLEAIHIIK-a16-b2,sp|P78371|TCPB,sp|P78371|TCPB,154,191
IGBP1,LLTHHKDHFTK-STLGPKGMDK-a6-b6,sp|P78371|TCPB,sp|P78371|TCPB,176,46
SGOL1,EFHLNESGDPSSKSTEIK-SSQTQNKASR-a13-b7,sp|Q01105|SET,sp|Q01105|SET,167,189
SGOL1,SGYRIDFYFDENPYFENKVLSK-STEIKWK-a18-b5,sp|Q01105|SET,sp|Q01105|SET,150,172
SGOL1,SSQTQNKASR-DLTKR-a7-b4,sp|Q01105|SET,sp|Q01105|SET,189,181
SGOL1,SSQTQNKASR-SGKDLTKR-a7-b3,sp|Q01105|SET,sp|Q01105|SET,189,177
PP4C,ILAKLPIEPR-KLEAGIR-a4-b1,sp|Q08211|DHX9,sp|Q08211|DHX9,857,497
PP4C,YGDGPRPPKMAR-FCEHKR-a9-b5,sp|Q08211|DHX9,sp|Q08211|DHX9,1163,943
PP2AB,KVNNADDFPNLFR-LAKQSR-a1-b3,sp|Q13085|ACACA,sp|Q13085|ACACA,323,353
PP2AB,SSMSGLHLVKQGR-KKIDSQR-a10-b2,sp|Q13085|ACACA,sp|Q13085|ACACA,86,93
PP2AB,RLTFLVAQKDFR-KQVNYEVDRR-a9-b1,sp|Q13085|ACACA,sp|Q13085|ACACA,1334,1338
PP2AB,GSVLEPEGTVEIKFR-RKDLVK-a13-b2,sp|Q13085|ACACA,sp|Q13085|ACACA,2127,2131
PP2AB,EFPKFFTFRAR-DKFEEDRIYR-a4-b2,sp|Q13085|ACACA,sp|Q13085|ACACA,1354,1363
PP2AB,EFTQQNKATLVDHGIR-ARDKFEEDR-a7-b4,sp|Q13085|ACACA,sp|Q13085|ACACA,1316,1363
PP2AB,KAETLPEVEAELAQR-LELAEQKLQQTLR-a1-b7,sp|Q13136|LIPA1,sp|Q13136|LIPA1,384,377
PP2AB,KAETLPEVEAELAQR-VAALSKAEER-a1-b6,sp|Q13136|LIPA1,sp|Q13136|LIPA1,384,404
PP2AB,ALDEKVRER-LFGKKEK-a5-b4,sp|Q13136|LIPA1,sp|Q13136|LIPA1,177,813
PP2AB,LAALRDEPSKVQTLNEQDWER-RPQKGR-a10-b4,sp|Q13136|LIPA1,sp|Q13136|LIPA1,569,557
2A5G,LELAEQKLQQTLR-VAALSKAEER-a7-b6,sp|Q13136|LIPA1,sp|Q13136|LIPA1,377,404
2A5G,KHELLEEARR-LGGQAEKNRK-a1-b7,sp|Q13136|LIPA1,sp|Q13136|LIPA1,861,854
2A5G,SLFEHHKALDEK-MTVVKR-a7-b5,sp|Q13136|LIPA1,sp|Q13136|LIPA1,172,145
2A5G,LIQEEKENTEQRAEEIESR-LQLHLKER-a6-b6,sp|Q13136|LIPA1,sp|Q13136|LIPA1,650,467
2A5G,ALKSLFEHHK-MTVVKR-a3-b5,sp|Q13136|LIPA1,sp|Q13136|LIPA1,165,145
2A5G,LELAEQKLQQTLR-ITTLEKR-a7-b6,sp|Q13136|LIPA1,sp|Q13136|LIPA1,377,327
PP2AA,LQLHLKER-ITTLEKR-a6-b6,sp|Q13136|LIPA1,sp|Q13136|LIPA1,467,327
PP2AA,VIELQEIISKQSR-EQSQMKER-a10-b6,sp|Q13136|LIPA1,sp|Q13136|LIPA1,261,270
PP2AA,RLSDTVDKLLSESNER-ITTLEKR-a8-b6,sp|Q13136|LIPA1,sp|Q13136|LIPA1,453,327
PP2AA,KHELLEEARR-LGGQAEKNR-a1-b7,sp|Q13136|LIPA1,sp|Q13136|LIPA1,861,854
PP2AA,KHELLEEARR-LNYDRKELER-a1-b6,sp|Q13136|LIPA1,sp|Q13136|LIPA1,861,1032
PP2AB,EAMAQKEDMEER-SEEMNTKLQR-a6-b7,sp|Q13136|LIPA1,sp|Q13136|LIPA1,315,303
PP2AB,QMEAQLEEKNQELQR-VAALSKAEER-a9-b6,sp|Q13136|LIPA1,sp|Q13136|LIPA1,426,404
PP2AB,RFDEDDDKSFR-KREESQSEIK-a8-b1,sp|Q13136|LIPA1,sp|Q13136|LIPA1,1132,1037
2A5G,MAALEDKNSLLR-LQLHLKER-a7-b6,sp|Q13136|LIPA1,sp|Q13136|LIPA1,476,467
2A5G,LSDTVDKLLSESNER-MNEEHNKR-a7-b7,sp|Q13136|LIPA1,sp|Q13136|LIPA1,453,445
2A5G,EAMAQKEDMEER-LQLHLKER-a6-b6,sp|Q13136|LIPA1,sp|Q13136|LIPA1,315,467
2A5G,QAQSPAGVSSEVEVLKALK-MTVVKR-a16-b5,sp|Q13136|LIPA1,sp|Q13136|LIPA1,162,145
2A5G,VAALSKAEER-QTEDKNR-a6-b5,sp|Q13136|LIPA1,sp|Q13136|LIPA1,404,363
2A5G,LGGQAEKNR-KLQKK-a7-b4,sp|Q13136|LIPA1,sp|Q13136|LIPA1,854,860
SGOL1,KALEAHCRADELASQDGR-KSELPQDPHTK-a1-b1,sp|Q13362|2A5G,sp|Q13362|2A5G,507,496
SGOL1,MKEREEAWVK-LKEKLK-a2-b4,sp|Q13362|2A5G,sp|Q13362|2A5G,424,420
SGOL1,LFDDCTQQFKAEK-LKEKLK-a10-b4,sp|Q13362|2A5G,sp|Q13362|2A5G,413,420
SGOL1,LFDDCTQQFKAEKLK-NSKTHWNK-a10-b3,sp|Q13362|2A5G,sp|Q13362|2A5G,413,379
SGOL1,KALEAHCR-KDRPLAR-a1-b1,sp|Q13362|2A5G,sp|Q13362|2A5G,507,488
SGOL1,LFDDCTQQFKAEKLK-NSKTHWNK-a13-b3,sp|Q13362|2A5G,sp|Q13362|2A5G,416,379
SGOL1,TVKDEAHQAQKDPK-KDRPLAR-a3-b1,sp|Q13362|2A5G,sp|Q13362|2A5G,476,488
SGOL1,LFDDCTQQFKAEK-LKEKLK-a10-b2,sp|Q13362|2A5G,sp|Q13362|2A5G,413,418
2A5G,IYGKFLGLR-LFIQKLR-a4-b5,sp|Q13362|2A5G,sp|Q13362|2A5G,192,45
2A5G,KSELPQDPHTK-KDRPLAR-a1-b1,sp|Q13362|2A5G,sp|Q13362|2A5G,496,488
2A5G,MKEREEAWVK-KDRPLAR-a2-b1,sp|Q13362|2A5G,sp|Q13362|2A5G,424,488
2A5G,TIHGLIYNALKLFMEMNQK-NSKTHWNK-a11-b3,sp|Q13362|2A5G,sp|Q13362|2A5G,395,379
2A5G,EREEAWVKIENLAK-KDRPLAR-a8-b1,sp|Q13362|2A5G,sp|Q13362|2A5G,432,488
2A5G,LFIQKLR-WKEVKR-a5-b2,sp|Q13362|2A5G,sp|Q13362|2A5G,45,66
2A5G,YIDQKFVLQLLELFDSEDPRER-FLESPDFQPNIAKK-a5-b13,sp|Q13362|2A5G,sp|Q13362|2A5G,162,156
2A5G,IFLLKVLLPLHK-KQINNIFYR-a5-b1,sp|Q13362|2A5G,sp|Q13362|2A5G,249,202
2A5G,MKEREEAWVK-NSKTHWNK-a2-b3,sp|Q13362|2A5G,sp|Q13362|2A5G,424,379
2A5G,SELPQDPHTKK-KALEAHCR-a10-b1,sp|Q13362|2A5G,sp|Q13362|2A5G,506,507
PP2AA,TVKDEAHQAQKDPK-KDRPLAR-a11-b1,sp|Q13362|2A5G,sp|Q13362|2A5G,484,488
PP2AA,KTVKDEAHQAQK-KDRPLAR-a1-b1,sp|Q13362|2A5G,sp|Q13362|2A5G,473,488
PP2AA,FLESPDFQPNIAKK-IYGKFLGLR-a13-b4,sp|Q13362|2A5G,sp|Q13362|2A5G,156,192
PP2AA,KSELPQDPHTKK-KDRPLAR-a1-b1,sp|Q13362|2A5G,sp|Q13362|2A5G,496,488
2A5G,RKSELPQDPHTK-MKEREEAWVK-a2-b2,sp|Q13362|2A5G,sp|Q13362|2A5G,496,424
2A5G,IYGKFLGLR-KYIDQK-a4-b1,sp|Q13362|2A5G,sp|Q13362|2A5G,192,157
2A5G,DFLKTTLHR-IYGKFLGLR-a4-b4,sp|Q13362|2A5G,sp|Q13362|2A5G,183,192
2A5G,LFIQKLR-WKEVKR-a5-b5,sp|Q13362|2A5G,sp|Q13362|2A5G,45,69
2A5G,MKEREEAWVK-KALEAHCR-a2-b1,sp|Q13362|2A5G,sp|Q13362|2A5G,424,507
2A5G,MKEREEAWVK-AEKLK-a2-b3,sp|Q13362|2A5G,sp|Q13362|2A5G,424,416
2A5G,YIDQKFVLQLLELFDSEDPRER-KQINNIFYR-a5-b1,sp|Q13362|2A5G,sp|Q13362|2A5G,162,202
2A5G,DSTLTEPVVMALLKYWPK-QLAKCVSSPHFQVAER-a14-b4,sp|Q13362|2A5G,sp|Q13362|2A5G,291,333
2A5G,QLAKCVSSPHFQVAER-NSKTHWNK-a4-b3,sp|Q13362|2A5G,sp|Q13362|2A5G,333,379
SGOL1,IYGKFLGLR-KQINNIFYR-a4-b1,sp|Q13362|2A5G,sp|Q13362|2A5G,192,202
SGOL1,QCCVLFDFVSDPLSDLKWK-LFIQKLR-a17-b5,sp|Q13362|2A5G,sp|Q13362|2A5G,64,45
SGOL1,FLESPDFQPNIAKK-KQINNIFYR-a13-b1,sp|Q13362|2A5G,sp|Q13362|2A5G,156,202
FA40B,IPTGQEYAAKIINTK-DHQKLER-a10-b4,sp|Q13557|KCC2D,sp|Q13557|KCC2D,43,57
FA40B,LLKHPNIVR-DHQKLER-a3-b4,sp|Q13557|KCC2D; sp|Q13555|KCC2G,sp|Q13557|KCC2D; sp|Q13555|KCC2G,69; 69,57; 57
FA40B,LSARDHQKLER-IINTKK-a8-b5,sp|Q13557|KCC2D; sp|Q13555|KCC2G; sp|Q13554|KCC2B,sp|Q13557|KCC2D; sp|Q13555|KCC2G; sp|Q13554|KCC2B,57; 57; 57,48; 48; 48
PP2AB,IKYSGGPQIVKK-KSELPQDVYTIK-a2-b1,sp|Q14738|2A5D,sp|Q14738|2A5D,73,572
PP2AB,KSELPQDVYTIK-ALEAHKR-a1-b6,sp|Q14738|2A5D,sp|Q14738|2A5D,572,589
PP2AB,LFDDCTQQYKAEKQK-NSKSHWNK-a13-b3,sp|Q14738|2A5D,sp|Q14738|2A5D,492,455
SGOL1,LFDDCTQQYKAEKQK-NSKSHWNK-a10-b3,sp|Q14738|2A5D,sp|Q14738|2A5D,489,455
PP2AA,MKEREEMWQK-AEKQK-a2-b3,sp|Q14738|2A5D,sp|Q14738|2A5D,500,492
PP2AA,IKYSGGPQIVKK-DIKKEK-a2-b4,sp|Q14738|2A5D,sp|Q14738|2A5D,73,564
PP2AA,MKEREEMWQK-ALEAHKR-a2-b6,sp|Q14738|2A5D,sp|Q14738|2A5D,500,589
PP2AA,FLESPDFQPNIAKK-IYGKFLGLR-a13-b4,sp|Q14738|2A5D,sp|Q14738|2A5D,232,268
PP2AA,SHWNKTIHGLIYNALK-EKVLLRR-a5-b2,sp|Q14738|2A5D,sp|Q14738|2A5D,460,566
PP2AA,TIHGLIYNALKLFMEMNQK-NSKSHWNK-a11-b3,sp|Q14738|2A5D,sp|Q14738|2A5D,471,455
PP2AA,KSELPQDVYTIK-EKVLLR-a1-b2,sp|Q14738|2A5D,sp|Q14738|2A5D,572,566
PP2AA,ALEAHKR-EKVLLRR-a6-b2,sp|Q14738|2A5D,sp|Q14738|2A5D,589,566
PP2AA,IKYSGGPQIVKK-ALEAHKR-a2-b6,sp|Q14738|2A5D,sp|Q14738|2A5D,73,589
PP2AA,LRQCCVLFDFVSDPLSDLKFK-NRELQKLPALK-a19-b6,sp|Q14738|2A5D,sp|Q14738|2A5D,140,102
PP2AA,SHWNKTIHGLIYNALK-TVETEAVQMLKDIKK-a5-b11,sp|Q14738|2A5D,sp|Q14738|2A5D,460,560
PP2AA,KSELPQDVYTIKALEAHK-YSGGPQIVKK-a12-b9,sp|Q14738|2A5D,sp|Q14738|2A5D,583,82
PP2AA,KSELPQDVYTIK-DIKKEK-a1-b4,sp|Q14738|2A5D,sp|Q14738|2A5D,572,564
PP2AA,TVETEAVQMLKDIKK-EKVLLRR-a11-b2,sp|Q14738|2A5D,sp|Q14738|2A5D,560,566
PP2AA,TVETEAVQMLKDIKK-EKVLLR-a14-b2,sp|Q14738|2A5D,sp|Q14738|2A5D,563,566
PP2AA,EREEMWQKIEELAR-EKVLLR-a8-b2,sp|Q14738|2A5D,sp|Q14738|2A5D,508,566
PP2AB,QCCVLFDFVSDPLSDLKFK-FNLSKNR-a17-b5,sp|Q14738|2A5D,sp|Q14738|2A5D,140,96
PP2AB,APPPLPPVYSMETETPTAEDIQLLKR-LFDDCTQQYKAEK-a25-b10,sp|Q14738|2A5D,sp|Q14738|2A5D,548,489
PP2AB,ELQKLPALK-FNLSKNR-a4-b5,sp|Q14738|2A5D,sp|Q14738|2A5D,102,96
PP2AB,IKYSGGPQIVK-EKVLLR-a2-b2,sp|Q14738|2A5D,sp|Q14738|2A5D,73,566
PP2AB,DSPTQEREELFIQKLR-FNLSKNR-a14-b5,sp|Q14738|2A5D,sp|Q14738|2A5D,121,96
PP2AB,ESSLTEPVIVGLLKFWPK-QLAKCVSSPHFQVAER-a14-b4,sp|Q14738|2A5D,sp|Q14738|2A5D,367,409
SGOL1,AEHKQFLMK-KIEEPLFK-a4-b1,sp|Q15172|2A5A,sp|Q15172|2A5A,269,347
SGOL1,KALEKQNSAYNMHSILSNTSAE-LEELKLKK-a5-b5,sp|Q15172|2A5A,sp|Q15172|2A5A,469,462
SGOL1,KALEKQNSAYNMHSILSNTSAE-LEELKLKK-a1-b7,sp|Q15172|2A5A,sp|Q15172|2A5A,465,464
SGOL1,KLEELK-KALEK-a1-b1,sp|Q15172|2A5A,sp|Q15172|2A5A,457,465
SGOL1,FLESPDFQPSIAKR-IYGKFLGLR-a13-b4,sp|Q15172|2A5A,sp|Q15172|2A5A,181,217
SGOL1,FLESPDFQPSIAKR-KQINNIFLR-a13-b1,sp|Q15172|2A5A,sp|Q15172|2A5A,181,227
SGOL1,KLEELKLK-KALEK-a6-b1,sp|Q15172|2A5A,sp|Q15172|2A5A,462,465
PP2AA,ILQEKLDQPVSAPPSPR-KASVTIQAR-a5-b1,sp|Q16204|CCDC6,sp|Q16204|CCDC7,234,96
PP4C,MDKLEAEKR-FLKNEVER-a3-b3,sp|Q16204|CCDC6,sp|Q16204|CCDC7,223,266
PP2AB,ILQEKLDQPVSAPPSPR-MDKLEAEKR-a5-b8,sp|Q16204|CCDC6,sp|Q16204|CCDC7,234,228
2A5E,IYGKFLGLR-KQINNIFLR-a4-b1,sp|Q16537|2A5E,sp|Q16537|2A5E,209,219
2A5E,QFLVKVLIPLHTVR-KQINNIFLR-a5-b1,sp|Q16537|2A5E,sp|Q16537|2A5E,266,219
2A5E,QIAKCVSSPHFQVAER-GLMKFWPK-a4-b4,sp|Q16537|2A5E,sp|Q16537|2A5E,350,308
2A5E,QFLVKVLIPLHTVR-GLMKFWPK-a5-b4,sp|Q16537|2A5E,sp|Q16537|2A5E,266,308
2A5E,AFMEMNSTMFDELTATYKSDR-ISKEHWNPAIVALVYNVLK-a18-b3,sp|Q16537|2A5E,sp|Q16537|2A5E,430,396
2A5E,EKEREELWK-KLEDLELKR-a2-b8,sp|Q16537|2A5E,sp|Q16537|2A5E,441,456
2A5E,IQEPLFKQIAK-GLMKFWPK-a7-b4,sp|Q16537|2A5E,sp|Q16537|2A5E,346,308
SGOL1,SQGKPIELTPLPLLK-DVPSSEQPELFLKK-a4-b13,sp|Q16537|2A5E,sp|Q16537|2A5E,41,65
SGOL1,EKEREELWK-KLEDLELK-a2-b1,sp|Q16537|2A5E,sp|Q16537|2A5E,441,449
SGOL1,LQQCCVIFDFMDTLSDLKMK-SQGKPIELTPLPLLK-a18-b4,sp|Q16537|2A5E,sp|Q16537|2A5E,84,41
SGOL1,FLESQEFQPSIAKK-KQINNIFLR-a13-b1,sp|Q16537|2A5E,sp|Q16537|2A5E,173,219
SGOL1,EDILESKSEQTK-LIQPGTFTKTK-a7-b9,sp|Q5FBB7|SGOL1,sp|Q5FBB7|SGOL1,276,267
SGOL1,MLVLALENEKSK-NLAEIGKR-a10-b7,sp|Q5FBB7|SGOL1,sp|Q5FBB7|SGOL1,72,35
SGOL1,NLAEIGKRR-MKEKR-a7-b2,sp|Q5FBB7|SGOL1,sp|Q5FBB7|SGOL1,35,23
SGOL1,RNKNLAEIGK-NLAEIGKR-a3-b7,sp|Q5FBB7|SGOL1,sp|Q5FBB7|SGOL1,28,35
SGOL1,SFQDSLEDIKKR-NKNLAEIGK-a11-b2,sp|Q5FBB7|SGOL1,sp|Q5FBB7|SGOL1,20,28
SGOL1,TKEDILESK-SEQTKSK-a2-b5,sp|Q5FBB7|SGOL1,sp|Q5FBB7|SGOL1,269,281
SGOL1,KSFQDSLEDIKK-RMKEK-a11-b3,sp|Q5FBB7|SGOL1,sp|Q5FBB7|SGOL1,19,23
SGOL1,TKEDILESKSEQTK-SKQRDTQER-a9-b2,sp|Q5FBB7|SGOL1,sp|Q5FBB7|SGOL1,276,283
SGOL1,SFQDSLEDIKKR-NKNLAEIGK-a10-b2,sp|Q5FBB7|SGOL1,sp|Q5FBB7|SGOL1,19,28
SGOL1,DQVNLSPKLIQPGTFTK-TKEDILESK-a8-b2,sp|Q5FBB7|SGOL1,sp|Q5FBB7|SGOL1,258,269
SGOL1,SFQDSLEDIKKR-NLAEIGKR-a11-b7,sp|Q5FBB7|SGOL1,sp|Q5FBB7|SGOL1,20,35
SGOL1,DQVNLSPKLIQPGTFTK-TKEDILESKSEQTK-a8-b9,sp|Q5FBB7|SGOL1,sp|Q5FBB7|SGOL1,258,276
SGOL1,KSFQDSLEDIK-NLAEIGKR-a1-b7,sp|Q5FBB7|SGOL1,sp|Q5FBB7|SGOL1,9,35
SGOL1,CTASVNYKEPTLASK-ASPAVALPKRR-a8-b9,sp|Q5FBB7|SGOL1,sp|Q5FBB7|SGOL1,485,475
SGOL1,TKEDILESKSEQTK-SKQRDTQER-a2-b2,sp|Q5FBB7|SGOL1,sp|Q5FBB7|SGOL1,269,283
SGOL1,EDILESKSEQTKSK-EEKRK-a12-b3,sp|Q5FBB7|SGOL1,sp|Q5FBB7|SGOL1,281,295
SGOL1,RNKNLAEIGK-ERCLKK-a3-b5,sp|Q5FBB7|SGOL1,sp|Q5FBB7|SGOL1,28,8
SGOL1,NLAEIGKRR-ENKSENKK-a7-b3,sp|Q5FBB7|SGOL1,sp|Q5FBB7|SGOL1,35,313
SGOL1,SFQDSLEDIKK-NLAEIGKR-a10-b7,sp|Q5FBB7|SGOL1,sp|Q5FBB7|SGOL1,19,35
SGOL1,NLAEIGKR-SSLKK-a7-b4,sp|Q5FBB7|SGOL1,sp|Q5FBB7|SGOL1,35,196
SGOL1,MLVLALENEKSK-VKEAQDIILQLR-a10-b2,sp|Q5FBB7|SGOL1,sp|Q5FBB7|SGOL1,72,76
SGOL1,YKENKSENK-KTVPQK-a5-b1,sp|Q5FBB7|SGOL1,sp|Q5FBB7|SGOL1,313,318
SGOL1,YKENKSENK-KTVPQKK-a2-b1,sp|Q5FBB7|SGOL1,sp|Q5FBB7|SGOL1,310,318
SGOL1,ENKSENKK-MSKYK-a3-b3,sp|Q5FBB7|SGOL1,sp|Q5FBB7|SGOL1,313,308
PP2AA,LVSSEQALKELGLAEHQLR-LLHGTLIMKDSNFR-a9-b9,sp|Q5TA45|INT11,sp|Q5TA45|INT11,500,486
PP2AA,VHLHDTRKEQETALR-VYSHLKSVLK-a8-b6,sp|Q5TA45|INT11,sp|Q5TA45|INT11,522,535
2A5G,EAEPEKRPK-KVSQIR-a6-b1,sp|Q5THK1|PR14L,sp|Q5THK1|PR14L,2005,2009
CT2NL,KWTELDTNQHR-KCFEEDFR-a1-b1,sp|Q5VSL9|FA40A,sp|Q5VSL9|FA40A,113,99
CT2NL,KCFEEDFRIHVTDK-LKVAR-a1-b2,sp|Q5VSL9|FA40A,sp|Q5VSL9|FA40A,99,143
CT2NL,EKDIEMFLESSR-VQTKYLGR-a2-b4,sp|Q5VSL9|FA40A,sp|Q5VSL9|FA40A,431,722
CT2NL,SILGLPPLPEDSIKVIR-AAAGLLPGGKAR-a14-b10,sp|Q5VSL9|FA40A,sp|Q5VSL9|FA40A,326,47
FR1OP,VYKQAVFDLTK-GLDIESTSKR-a3-b9,sp|Q5VT06|CE350,sp|Q5VT06|CE351,2972,2968
FR1OP,RVKNPNNLDEIK-LFSLKK-a3-b5,sp|Q5VT06|CE350,sp|Q5VT06|CE351,3013,3036
FR1OP,LQQEKAEIKR-LQEANKAAR-a5-b6,sp|Q5VT06|CE350,sp|Q5VT06|CE351,1754,1765
FR1OP,LQQEKAEIKR-LQEANKAAR-a9-b6,sp|Q5VT06|CE350,sp|Q5VT06|CE351,1758,1765
FR1OP,ELGHDLHSISIPTKLLGCASK-VYKQAVFDLTK-a14-b3,sp|Q5VT06|CE350,sp|Q5VT06|CE351,2952,2972
PP2AB,ASLKPR-ESSKPR-a4-b4,sp|Q66LE6|2ABD,sp|Q66LE6|2ABD,399,393
2A5G,LGSGYFSSNGKLEEVK-LEEVKTPK-a11-b5,sp|Q69YH5|CDCA2,sp|Q69YH5|CDCA2,622,627
PP4C,KHREFLTK-TAKFK-a1-b3,sp|Q6IN85|P4R3A,sp|Q6IN85|P4R3A,235,245
PP4C,QDNPKLDSMR-GLKLR-a5-b3,sp|Q6IN85|P4R3A,sp|Q6IN85|P4R3A,655,641
PP4C,AESDGSLLLESKINPNTAYQK-LKGMSLLVR-a12-b2,sp|Q6IN85|P4R3A,sp|Q6IN85|P4R3A,55,36
PP4C,VKVYTLNEDR-LKGMSLLVR-a2-b2,sp|Q6IN85|P4R3A,sp|Q6IN85|P4R3A,9,36
PP4C,YIMKSFLFEPVVK-ERQDNPKLDSMR-a4-b7,sp|Q6IN85|P4R3A,sp|Q6IN85|P4R3A,576,655
PP4C,EVLLKTNLSGR-LKESEEK-a5-b2,sp|Q6IN85|P4R3A,sp|Q6IN85|P4R3A,733,723
PP4C,KHREFLTK-QKIHQTYR-a1-b2,sp|Q6IN85|P4R3A,sp|Q6IN85|P4R3A,235,260
PP4C,EILPLVKSLCQDVEYEVR-LTNKFDAHTIKR-a7-b11,sp|Q6NUP7|PP4R4,sp|Q6NUP7|PP4R4,218,210
PP2AA,DGLCLSESETVNKER-ANSYKNPR-a13-b5,sp|Q86XL3|ANKL2,sp|Q86XL3|ANKL2,295,302
PP2AA,AGFLHHVKK-LWKTPPREK-a8-b3,sp|Q86XL3|ANKL2,sp|Q86XL3|ANKL2,554,540
PP2AA,SVSKTPDESTK-TKDQILTSR-a4-b2,sp|Q86XL3|ANKL2,sp|Q86XL3|ANKL2,750,759
PP2AA,FKSQLPDLSGPHSYSPGR-QSWPSPAVKGR-a2-b9,sp|Q86XL3|ANKL2,sp|Q86XL3|ANKL2,883,879
PP2AA,DKATTSGSNSISVR-KAQQETGER-a2-b1,sp|Q86XL3|ANKL2,sp|Q86XL3|ANKL2,626,611
PP2AA,IAKMSLSPSSPR-KAQQETGER-a3-b1,sp|Q86XL3|ANKL2,sp|Q86XL3|ANKL2,800,611
PP2AA,TPPREKAGFLHHVK-KSDPERGFER-a6-b1,sp|Q86XL3|ANKL2,sp|Q86XL3|ANKL2,546,555
PP2AA,NSVAGSNPAKPGLGSPGR-KAQQETGER-a10-b1,sp|Q86XL3|ANKL2,sp|Q86XL3|ANKL2,909,611
PP2AB,TQDLTAKLR-ANSYKNPR-a7-b5,sp|Q86XL3|ANKL2,sp|Q86XL3|ANKL2,312,302
PP2AA,RPSAAAKPSGHPPPGDFIALGSK-AKPTTVR-a7-b2,sp|Q8N201|INT1,sp|Q8N201|INT1,17,5
2AAB,QASLHVWKIVVSNTPR-HLDKSDPK-a8-b4,sp|Q92616|GCN1L,sp|Q92616|GCN1L,1909,1332
FA40B,ELQVKQQLDSCVTK-AKDSIDAGSK-a5-b2,sp|Q96C01|F136A,sp|Q96C01|F136A,104,91
PP2AA,LVDVACKHLTDTSHGVR-SVTKDAEGLAAR-a7-b4,sp|Q96HW7|INT4,sp|Q96HW7|INT4,157,186
2A5E,RIGYPVMIKAVR-DMGIKSTSK-a9-b5,sp|Q96RQ3|MCCA,sp|Q96RQ3|MCCA,205,163
2AAB,KSFNDDAMLIEK-GGGGKGMR-a1-b5,sp|Q96RQ3|MCCA,sp|Q96RQ3|MCCA,237,213
2AAB,HQKIIEEAPAPGIK-GGGGKGMR-a3-b5,sp|Q96RQ3|MCCA,sp|Q96RQ3|MCCA,284,213
2AAB,ESLCQAALGLILKEK-NITKVLIANR-a13-b4,sp|Q96RQ3|MCCA,sp|Q96RQ3|MCCA,518,51
2AAB,NITKVLIANRGEIACR-QAALTKLR-a4-b6,sp|Q96RQ3|MCCA,sp|Q96RQ3|MCCA,51,450
SGOL1,IIEEAPAPGIKSEVR-KKLGEAAVR-a11-b1,sp|Q96RQ3|MCCA,sp|Q96RQ3|MCCA,295,300
SGOL1,HTPLVEFEEEESDKRESE-AGDKVK-a14-b4,sp|Q96RQ3|MCCA,sp|Q96RQ3|MCCA,721,667
SGOL1,HQKIIEEAPAPGIK-KLGEAAVR-a3-b1,sp|Q96RQ3|MCCA,sp|Q96RQ3|MCCA,284,301
SGOL1,IIEEAPAPGIKSEVR-GGGGKGMR-a11-b5,sp|Q96RQ3|MCCA,sp|Q96RQ3|MCCA,295,213
SGOL1,ESLCQAALGLILKEK-QAALTKLR-a13-b6,sp|Q96RQ3|MCCA,sp|Q96RQ3|MCCA,518,450
IGBP1,RIGYPVMIKAVR-GGGGKGMR-a9-b5,sp|Q96RQ3|MCCA,sp|Q96RQ3|MCCA,205,213
IGBP1,IIEEAPAPGIKSEVR-KKLGEAAVR-a11-b2,sp|Q96RQ3|MCCA,sp|Q96RQ3|MCCA,295,301
IGBP1,IAAGEKIPLSQEEITLQGHAFEAR-IIEEAPAPGIKSEVR-a6-b11,sp|Q96RQ3|MCCA,sp|Q96RQ3|MCCA,367,295
2ABG,YNFFTGCPKAK-VPEEDLKR-a9-b7,sp|Q99832|TCPH,sp|Q99832|TCPH,366,320
IGBP1,KLLEKCAMTALSSK-KADKVEQR-a5-b1,sp|Q99832|TCPH,sp|Q99832|TCPH,157,145
IGBP1,LLEKCAMTALSSK-LISQQKAFFAK-a4-b6,sp|Q99832|TCPH,sp|Q99832|TCPH,157,172
IGBP1,VVLSKLPIGDVATQYFADRDMFCAGR-VPEEDLKR-a5-b7,sp|Q99832|TCPH,sp|Q99832|TCPH,292,320
IGBP1,KLLEKCAMTALSSK-KADKVEQR-a5-b4,sp|Q99832|TCPH,sp|Q99832|TCPH,157,148
IGBP1,KLLEKCAMTALSSK-KADKVEQR-a1-b4,sp|Q99832|TCPH,sp|Q99832|TCPH,153,148
IGBP1,QQLLIGAYAKALEIIPR-QVKPYVEEGLHPQIIIR-a10-b3,sp|Q99832|TCPH,sp|Q99832|TCPH,440,109
PP4C,MVVDAVMMLDDLLQLKMIGIKK-VPEEDLKR-a16-b7,sp|Q99832|TCPH,sp|Q99832|TCPH,193,320
2ABG,IKEIAVTVK-KADKVEQR-a2-b1,sp|Q99832|TCPH,sp|Q99832|TCPH,137,145
2ABG,KYHNPKIALLNVELELK-YNFFTGCPKAK-a6-b9,sp|Q99832|TCPH,sp|Q99832|TCPH,236,366
2ABG,IKEIAVTVK-ADKVEQRK-a2-b3,sp|Q99832|TCPH,sp|Q99832|TCPH,137,148
2ABG,IHHSGAKVVLSK-KYHNPK-a7-b1,sp|Q99832|TCPH,sp|Q99832|TCPH,287,231
2ABG,KADKVEQR-KLLEK-a1-b1,sp|Q99832|TCPH,sp|Q99832|TCPH,145,153
2ABG,VVLSKLPIGDVATQYFADRDMFCAGR-GKATISNDGATILK-a5-b2,sp|Q99832|TCPH,sp|Q99832|TCPH,292,55
IGBP1,INALTAASEAACLIVSVDETIKNPR-LLDVVHPAAKTLVDIAK-a22-b10,sp|Q99832|TCPH,sp|Q99832|TCPH,521,77
2A5G,ASKDQVLSEPETK-GKEPR-a3-b2,sp|Q9BWN1|PRR14,sp|Q9BWN1|PRR14,428,422
2A5E,LGGGEKAR-GKLLPR-a6-b2,sp|Q9HCC0|MCCB,sp|Q9HCC0|MCCB,70,80
2A5E,EGKQFSSADEAALKEPIIK-LGGGEKAR-a14-b6,sp|Q9HCC0|MCCB,sp|Q9HCC0|MCCB,506,70
2AAB,KSGVSDHWALDDHHALHLTR-EYEAEGIAKDGAK-a1-b9,sp|Q9HCC0|MCCB,sp|Q9HCC0|MCCB,269,420
2AAB,KSGVSDHWALDDHHALHLTR-KQGTIFLAGPPLVK-a1-b1,sp|Q9HCC0|MCCB,sp|Q9HCC0|MCCB,269,235
2AAB,ISVMGGEQAANVLATITKDQR-QFSSADEAALKEPIIK-a18-b11,sp|Q9HCC0|MCCB,sp|Q9HCC0|MCCB,487,506
2AAB,KLDVTIEPSEEPLFPADELYGIVGANLKR-QFSSADEAALKEPIIK-a28-b11,sp|Q9HCC0|MCCB,sp|Q9HCC0|MCCB,326,506
2AAB,ISVMGGEQAANVLATITKDQR-EGKQFSSADEAALKEPIIK-a18-b3,sp|Q9HCC0|MCCB,sp|Q9HCC0|MCCB,487,495
2AAB,QFSSADEAALKEPIIK-KFEEEGNPYYSSAR-a11-b1,sp|Q9HCC0|MCCB,sp|Q9HCC0|MCCB,506,512
SGOL1,AREGKQFSSADEAALK-LGGGEKAR-a5-b6,sp|Q9HCC0|MCCB,sp|Q9HCC0|MCCB,495,70
SGOL1,VSGVECMIIANDATVKGGAYYPVTVKK-LGGGEKAR-a16-b6,sp|Q9HCC0|MCCB,sp|Q9HCC0|MCCB,141,70
SGOL1,KQGTIFLAGPPLVK-GKLLPR-a1-b2,sp|Q9HCC0|MCCB,sp|Q9HCC0|MCCB,235,80
SGOL1,VSGVECMIIANDATVKGGAYYPVTVKK-KFEEEGNPYYSSAR-a16-b1,sp|Q9HCC0|MCCB,sp|Q9HCC0|MCCB,141,512
IGBP1,KSGVSDHWALDDHHALHLTR-GKLLPR-a1-b2,sp|Q9HCC0|MCCB,sp|Q9HCC0|MCCB,269,80
CT2NL,KNAALDVEPIHAFR-TWNPKFTLR-a1-b5,sp|Q9NRL3|STRN4,sp|Q9NRL3|STRN4,475,431
CT2NL,KNAALDVEPIHAFR-LWNLQKAVTAK-a1-b6,sp|Q9NRL3|STRN4,sp|Q9NRL3|STRN4,475,469
CT2NL,KHEEAIHAVACHPSKALIASAGADALAK-TWNPKFTLR-a15-b5,sp|Q9NRL3|STRN4,sp|Q9NRL3|STRN4,737,431
CT2NL,ALIASAGADALAKVFV-KNAALDVEPIHAFR-a13-b1,sp|Q9NRL3|STRN4,sp|Q9NRL3|STRN4,750,475
CT2NL,KHEEAIHAVACHPSKALIASAGADALAK-KTWNPKFTLR-a15-b1,sp|Q9NRL3|STRN4,sp|Q9NRL3|STRN4,737,426
CT2NL,KHEEAIHAVACHPSKALIASAGADALAK-KTWNPKFTLR-a1-b6,sp|Q9NRL3|STRN4,sp|Q9NRL3|STRN4,723,431
CT2NL,NAAGKDGKER-QIEEQIKR-a8-b7,sp|Q9NRL3|STRN4,sp|Q9NRL3|STRN4,254,245
CT2NL,LWNLQKAVTAK-TWNPKFTLR-a6-b5,sp|Q9NRL3|STRN4,sp|Q9NRL3|STRN4,469,431
CT2NL,MLEYALKQER-YHKLK-a7-b3,sp|Q9NRL3|STRN4; sp|O43815|STRN; sp|Q13033|STRN3,sp|Q9NRL3|STRN4; sp|O43815|STRN; sp|Q13033|STRN3,126; 110; 126,134; 118; 134
PP2AA,AHINNSEKHQR-AVKDYEQEK-a8-b3,sp|Q9NVM9|M89BB,sp|Q9NVM9|M89BB,549,589
PP2AB,AHINNSEKHQR-LKGILER-a8-b2,sp|Q9NVM9|M89BB,sp|Q9NVM9|M89BB,549,604
PP2AB,AHINNSEKHQR-KHQEFAGR-a8-b1,sp|Q9NVM9|M89BB,sp|Q9NVM9|M89BB,549,668
PP4C,NKHPDEDAVEAEGHEVKR-FDKEGEVR-a17-b3,sp|Q9NY27|PP4R2,sp|Q9NY27|PP4R2,246,252
PP4C,NKHPDEDAVEAEGHEVK-FDKEGEVR-a2-b3,sp|Q9NY27|PP4R2,sp|Q9NY27|PP4R2,231,252
PP4C,GKKEVCPVLDQFLCHVAK-LEKVMDDFR-a3-b3,sp|Q9NY27|PP4R2,sp|Q9NY27|PP4R2,19,55
PP4C,KEVCPVLDQFLCHVAK-DFEKRGK-a1-b4,sp|Q9NY27|PP4R2,sp|Q9NY27|PP4R2,19,15
PP4C,GKKEVCPVLDQFLCHVAK-TGETMIQWSQFKGYFIFK-a3-b12,sp|Q9NY27|PP4R2,sp|Q9NY27|PP4R2,19,46
PP4C,NKHPDEDAVEAEGHEVKR-DKDSR-a17-b2,sp|Q9NY27|PP4R2,sp|Q9NY27|PP4R2,246,287
CT2NL,SRVSKLEEELAAER-AGELSLKLEKEK-a5-b7,sp|Q9P2B4|CT2NL,sp|Q9P2B4|CT2NL,216,206
CT2NL,HAQDTAEGDDVTYMLEKERER-KVILDLEEERQR-a17-b1,sp|Q9P2B4|CT2NL,sp|Q9P2B4|CT2NL,138,110
CT2NL,SRVSKLEEELAAER-AGELSLKLEKEK-a5-b10,sp|Q9P2B4|CT2NL,sp|Q9P2B4|CT2NL,216,209
CT2NL,IVKDLEASHQHSSPNEQLK-TLKEEMESLKK-a3-b10,sp|Q9P2B4|CT2NL,sp|Q9P2B4|CT2NL,275,271
CT2NL,HKFQSQADQDQQASGLQSPPSR-DLSPTLIDNSAAKQLAR-a2-b13,sp|Q9P2B4|CT2NL,sp|Q9P2B4|CT2NL,465,498
CT2NL,QPVCTNPLSILKVVMK-DFETLKEK-a12-b6,sp|Q9P2B4|CT2NL,sp|Q9P2B4|CT2NL,84,65
CT2NL,DLEASHQHSSPNEQLKKPVTVSK-KPVTVSK-a16-b1,sp|Q9P2B4|CT2NL,sp|Q9P2B4|CT2NL,291,292
CT2NL,AAEEGQKAGELSLK-LEKEK-a7-b3,sp|Q9P2B4|CT2NL,sp|Q9P2B4|CT2NL,199,209
CT2NL,IVKDLEASHQHSSPNEQLK-KPVTVSK-a3-b1,sp|Q9P2B4|CT2NL,sp|Q9P2B4|CT2NL,275,292
CT2NL,YGKYNISDPLMALQR-DFETLKEK-a3-b6,sp|Q9P2B4|CT2NL,sp|Q9P2B4|CT2NL,47,65
CT2NL,DLVIEALKAQHR-DFETLKEK-a8-b6,sp|Q9P2B4|CT2NL,sp|Q9P2B4|CT2NL,33,65
CT2NL,FTSQQGPIKPVSPNSSPFGTDYR-DLSPTLIDNSAAKQLAR-a9-b13,sp|Q9P2B4|CT2NL,sp|Q9P2B4|CT2NL,520,498
CT2NL,AGELSLKLEKEK-AKLNREENR-a10-b2,sp|Q9P2B4|CT2NL,sp|Q9P2B4|CT2NL,209,252
CT2NL,VSKLEEELAAERK-LEKEKSR-a3-b5,sp|Q9P2B4|CT2NL,sp|Q9P2B4|CT2NL,216,211
CT2NL,VSKLEEELAAER-AKLNREENR-a3-b2,sp|Q9P2B4|CT2NL,sp|Q9P2B4|CT2NL,216,252
CT2NL,FTSQQGPIKPVSPNSSPFGTDYR-VSSPLSPLSPGIKSPTIPR-a9-b13,sp|Q9P2B4|CT2NL,sp|Q9P2B4|CT2NL,520,567
CT2NL,IVKDLEASHQHSSPNEQLK-TLKEEMESLKK-a3-b3,sp|Q9P2B4|CT2NL,sp|Q9P2B4|CT2NL,275,264
CT2NL,DLVIEALKAQHRDTFIEER-YGKYNISDPLMALQR-a8-b3,sp|Q9P2B4|CT2NL,sp|Q9P2B4|CT2NL,33,47
CT2NL,AKLNREENR-EENRTKTLK-a2-b6,sp|Q9P2B4|CT2NL,sp|Q9P2B4|CT2NL,252,261
CT2NL,AKLNREENR-KPVTVSK-a2-b1,sp|Q9P2B4|CT2NL,sp|Q9P2B4|CT2NL,252,292
CT2NL,IVKDLEASHQHSSPNEQLK-AKLNREENR-a3-b2,sp|Q9P2B4|CT2NL,sp|Q9P2B4|CT2NL,275,252
CT2NL,TLKEEMESLKK-AKLNREENR-a10-b2,sp|Q9P2B4|CT2NL,sp|Q9P2B4|CT2NL,271,252
CT2NL,QPVCTNPLSILKVVMK-EKNDGEK-a12-b2,sp|Q9P2B4|CT2NL,sp|Q9P2B4|CT2NL,84,67
CT2NL,HAQDTAEGDDVTYMLEKERER-YGKYNISDPLMALQR-a17-b3,sp|Q9P2B4|CT2NL,sp|Q9P2B4|CT2NL,138,47
CT2NL,DLEASHQHSSPNEQLKKPVTVSK-IVKDLEASHQHSSPNEQLK-a16-b3,sp|Q9P2B4|CT2NL,sp|Q9P2B4|CT2NL,291,275
CT2NL,KVILDLEEERQR-SQVKK-a1-b4,sp|Q9P2B4|CT2NL,sp|Q9P2B4|CT2NL,110,155
CT2NL,DLVIEALKAQHRDTFIEER-EKNDGEKQPVCTNPLSILK-a8-b7,sp|Q9P2B4|CT2NL,sp|Q9P2B4|CT2NL,33,72
CT2NL,DLVIEALKAQHR-KVILDLEEERQR-a8-b1,sp|Q9P2B4|CT2NL,sp|Q9P2B4|CT2NL,33,110
CT2NL,VSSPLSPLSPGIKSPTIPR-DLSPTLIDNSAAKQLAR-a13-b13,sp|Q9P2B4|CT2NL,sp|Q9P2B4|CT2NL,567,498
CT2NL,EKNDGEKQPVCTNPLSILK-YGKYNISDPLMALQR-a7-b3,sp|Q9P2B4|CT2NL,sp|Q9P2B4|CT2NL,72,47
CT2NL,DLEASHQHSSPNEQLKKPVTVSK-TLKEEMESLKK-a16-b3,sp|Q9P2B4|CT2NL,sp|Q9P2B4|CT2NL,291,264
CT2NL,LTQQLEFEKSQVK-KVILDLEEER-a9-b1,sp|Q9P2B4|CT2NL,sp|Q9P2B4|CT2NL,151,110
CT2NL,KLSSQLEEER-FEKEQK-a1-b3,sp|Q9P2B4|CT2NL,sp|Q9P2B4|CT2NL,163,159
CT2NL,HAQDTAEGDDVTYMLEKER-LTQQLEFEKSQVK-a17-b9,sp|Q9P2B4|CT2NL,sp|Q9P2B4|CT2NL,138,151
CT2NL,YGKYNISDPLMALQR-KVILDLEEERQR-a3-b1,sp|Q9P2B4|CT2NL,sp|Q9P2B4|CT2NL,47,110
CT2NL,DLVIEALKAQHR-VVMKQCK-a8-b4,sp|Q9P2B4|CT2NL,sp|Q9P2B4|CT2NL,33,88
CT2NL,KRGLQTEAQVEK-VSKLEEELAAER-a1-b3,sp|Q9P2B4|CT2NL,sp|Q9P2B4|CT2NL,226,216
CT2NL,TLKEEMESLKK-AKLNREENR-a3-b2,sp|Q9P2B4|CT2NL,sp|Q9P2B4|CT2NL,264,252
CT2NL,TLKEEMESLKK-KPVTVSK-a10-b1,sp|Q9P2B4|CT2NL,sp|Q9P2B4|CT2NL,271,292
CT2NL,KRGLQTEAQVEK-AKLNREENR-a1-b2,sp|Q9P2B4|CT2NL,sp|Q9P2B4|CT2NL,226,252
CT2NL,NDGEKQPVCTNPLSILK-DFETLKEK-a5-b6,sp|Q9P2B4|CT2NL,sp|Q9P2B4|CT2NL,72,65
CT2NL,AGELSLKLEKEK-AKLNREENR-a7-b2,sp|Q9P2B4|CT2NL,sp|Q9P2B4|CT2NL,206,252
CT2NL,QLSSMLVLECKK-ATNKAAEEGQK-a11-b4,sp|Q9P2B4|CT2NL,sp|Q9P2B4|CT2NL,187,192
CT2NL,YGKYNISDPLMALQR-VVMKQCK-a3-b4,sp|Q9P2B4|CT2NL,sp|Q9P2B4|CT2NL,47,88
CT2NL,KLSSQLEEER-SQVKKFEK-a1-b4,sp|Q9P2B4|CT2NL,sp|Q9P2B4|CT2NL,163,155
CT2NL,KLSSQLEEER-FEKEQKK-a1-b6,sp|Q9P2B4|CT2NL,sp|Q9P2B4|CT2NL,163,162
CT2NL,ATNKAAEEGQK-KLSSQLEEER-a4-b1,sp|Q9P2B4|CT2NL,sp|Q9P2B4|CT2NL,192,163
CT2NL,KRGLQTEAQVEK-KFEKEQK-a1-b4,sp|Q9P2B4|CT2NL,sp|Q9P2B4|CT2NL,226,159
CT2NL,KPGLTPSPSATTPLTK-AKLNREENR-a1-b2,sp|Q9P2B4|CT2NL,sp|Q9P2B4|CT2NL,586,252
CT2NL,FTSQQGPIKPVSPNSSPFGTDYR-HKFQSQADQDQQASGLQSPPSR-a9-b2,sp|Q9P2B4|CT2NL,sp|Q9P2B4|CT2NL,520,465
CT2NL,KLSSQLEEERSR-SQVKKFEK-a1-b5,sp|Q9P2B4|CT2NL,sp|Q9P2B4|CT2NL,163,156
CT2NL,YGKYNISDPLMALQR-QCKNMQER-a3-b3,sp|Q9P2B4|CT2NL,sp|Q9P2B4|CT2NL,47,91
CT2NL,FTSQQGPIKPVSPNSSPFGTDYR-ATNKAAEEGQK-a9-b4,sp|Q9P2B4|CT2NL,sp|Q9P2B4|CT2NL,520,192
CT2NL,GDTSHSPTPGKVSSPLSPLSPGIK-DLSPTLIDNSAAKQLAR-a11-b13,sp|Q9P2B4|CT2NL,sp|Q9P2B4|CT2NL,554,498
CT2NL,GDTSHSPTPGKVSSPLSPLSPGIK-FTSQQGPIKPVSPNSSPFGTDYR-a11-b9,sp|Q9P2B4|CT2NL,sp|Q9P2B4|CT2NL,554,520
CT2NL,FTSQQGPIKPVSPNSSPFGTDYR-AKLNREENR-a9-b2,sp|Q9P2B4|CT2NL,sp|Q9P2B4|CT2NL,520,252
FA40B,VRQKDIEHFLEMSR-VAFPKGLPWAPK-a4-b5,sp|Q9ULQ0|FA40B,sp|Q9ULQ0|FA40B,427,416
FA40B,VAFPKGLPWAPK-GKQAAPK-a5-b2,sp|Q9ULQ0|FA40B,sp|Q9ULQ0|FA40B,416,25
FA40B,QKDIEHFLEMSR-GLPWAPKVR-a2-b7,sp|Q9ULQ0|FA40B,sp|Q9ULQ0|FA40B,427,423
CT2NL,VAFPKGLPWAPK-TMSAIYQKVR-a5-b8,sp|Q9ULQ0|FA40B,sp|Q9ULQ0|FA40B,416,738
2ABG,MFDRNTKR-RVCVGGKR-a7-b7,sp|Q9Y2T4|2ABG,sp|Q9Y2T4|2ABG,370,398
2ABG,SFFSEIISSVSDVKFSHSGR-AVLKPR-a14-b4,sp|Q9Y2T4|2ABG,sp|Q9Y2T4|2ABG,288,389
2ABG,SFFSEIISSVSDVKFSHSGR-HSKLFEEPEDPSNR-a14-b3,sp|Q9Y2T4|2ABG,sp|Q9Y2T4|2ABG,288,263
2ABG,RVCVGGKR-AVLKPR-a7-b4,sp|Q9Y2T4|2ABG,sp|Q9Y2T4|2ABG,398,389
2ABG,DDISVDSLDFTKK-AVLKPR-a12-b4,sp|Q9Y2T4|2ABG,sp|Q9Y2T4|2ABG,413,389
2ABG,DKRPEGYNLK-DEEGKLK-a2-b5,sp|Q9Y2T4|2ABG,sp|Q9Y2T4|2ABG,125,138
2ABG,DYLTVKVWDLNMEARPIETYQVHDYLR-AVLKPR-a6-b4,sp|Q9Y2T4|2ABG,sp|Q9Y2T4|2ABG,305,389
2ABG,SKLCSLYENDCIFDK-AVLKPR-a2-b4,sp|Q9Y2T4|2ABG,sp|Q9Y2T4|2ABG,328,389
2ABG,RVCVGGKR-ESSKPR-a7-b4,sp|Q9Y2T4|2ABG,sp|Q9Y2T4|2ABG,398,383
2ABG,MFDRNTKR-ESSKPR-a7-b4,sp|Q9Y2T4|2ABG,sp|Q9Y2T4|2ABG,370,383
2ABG,MFDRNTKR-AVLKPR-a7-b4,sp|Q9Y2T4|2ABG,sp|Q9Y2T4|2ABG,370,389
CT2NL,HTLDGAACLLNSNKYFPSR-VSIKESSVAK-a14-b4,sp|Q9Y3A3|MOBL3,sp|Q9Y3A3|MOBL3,140,149
CT2NL,HTLDGAACLLNSNKYFPSR-ESSVAKLGSVCR-a14-b6,sp|Q9Y3A3|MOBL3,sp|Q9Y3A3|MOBL3,140,155
CT2NL,ILEPPEGQDEGVWKYEHLR-VSIKESSVAK-a14-b4,sp|Q9Y3A3|MOBL3,sp|Q9Y3A3|MOBL3,70,149
PP2AB,KEDDMETKK-KDHPYTWR-a8-b1,sp|Q9Y570|PPME1,sp|Q9Y570|PPME1,280,281
PP2AA,IELAKTEK-GRPKTFK-a5-b4,sp|Q9Y570|PPME1,sp|Q9Y570|PPME1,293,203
PP2AA,KKEDDMETK-KDHPYTWR-a2-b1,sp|Q9Y570|PPME1,sp|Q9Y570|PPME1,273,281
PP2AA,KKEDDMETK-KDHPYTWR-a1-b1,sp|Q9Y570|PPME1,sp|Q9Y570|PPME1,272,281
PP2AB,VSMVGQVKQCEGITSPEGSK-IELAKTEK-a8-b5,sp|Q9Y570|PPME1,sp|Q9Y570|PPME1,236,293
